"","1","2","4","6","7","8","10","11","12","13","15","16","18","19","20","21","22","24","26","27","28","29","30","31","33","35","36","37","38","39","40","41","42","43","44","45","46","47","48","49","50","51","53","55","56","57","58","59","60"
"octane",85.3,85.25,83.4,85.5,88.9,88.3,88.45,88.75,88.25,87.3,88.7,85.5,88.75,85.4,88.6,87,87.15,87.25,88.65,86.6,86,86.1,86.5,86.3,84.7,84.5,88.1,85.25,88.4,88.2,88.4,88.55,88.35,88.2,85.3,88.5,88.25,88,88.85,88.45,88.7,88.1,88.35,85.1,84.7,87.2,86.6,89.6,87.1
"bspl4.1",-0.0525077754733277,-0.0470408736833841,-0.0489045913006387,-0.0502475030115393,-0.0525139587590639,-0.052509110832408,-0.0536299571277708,-0.0548512056045056,-0.0527764261650084,-0.0511537174041177,-0.0463215751424021,-0.0506691816968609,-0.0577977713943486,-0.0571246497833409,-0.0570347778843493,-0.0589551342364924,-0.0445592249138281,-0.0591682275525066,-0.0565313195650162,-0.0569540714866976,-0.0584328436309613,-0.0580628075402508,-0.0586531763306616,-0.0583556497107527,-0.0589389810880931,-0.0574263222723405,-0.0574560097214373,-0.0545014038894956,-0.0539036185368072,-0.0538260968272968,-0.0561514701159358,-0.0544583590622198,-0.0522677151619511,-0.0478576316624592,-0.0520387716232018,-0.0577108946148121,-0.065046352672277,-0.0626725565871164,-0.0628466624729029,-0.0629748578298949,-0.0635011727428583,-0.0550321046955628,-0.0556092408894796,-0.0514491740982565,-0.0489803133136641,-0.0580193769701842,-0.0556077305138974,-0.0587513136721309,-0.0609656569119077
"bspl4.2",-0.0278621109792881,-0.019015188086379,-0.0248565867860942,-0.0234761029875861,-0.0235217323601976,-0.0199765222866804,-0.024632561855939,-0.0289090041935068,-0.0248552253804076,-0.0212361707368451,-0.0101786790408402,-0.0257882083469109,-0.0278650725633245,-0.0300722140827257,-0.0259631774321869,-0.032244872803391,-0.0166696091007044,-0.0297094944047612,-0.0262527110662452,-0.0293159630927554,-0.031569124542616,-0.0304561542189143,-0.031745271746398,-0.0312043081353124,-0.0327721694001574,-0.0308627143949103,-0.0293450445868353,-0.0295706283372615,-0.0254364576240536,-0.0225097441026067,-0.0266410750274905,-0.0286329364340004,-0.0242425701983783,-0.0205550550680479,-0.0258284641120427,-0.0295448137531332,-0.0356062257236828,-0.0341869701442603,-0.0307805072167459,-0.0344739906912127,-0.0364060197243332,-0.0269636139980109,-0.0290289679621736,-0.0273963476905137,-0.0252545377292032,-0.0295250651267086,-0.0300802885630748,-0.0322638016170219,-0.0340534073306596
"bspl4.3",-0.0325837474950872,-0.0286618525150559,-0.0284419528848302,-0.0306069037606535,-0.0346220022951045,-0.0336861937867097,-0.0360055226153427,-0.0374599935809174,-0.0345170483518384,-0.0323847104579622,-0.0277853344638806,-0.0315501430075719,-0.0394118572449918,-0.0374756227157826,-0.0382889417813382,-0.0406705964786692,-0.0267868266284396,-0.0403703444824604,-0.0386596173823354,-0.0383746967978512,-0.0393615415611744,-0.0393125384359592,-0.0404695459917553,-0.0397602755090507,-0.0387105457466859,-0.0372769860466308,-0.0393960830740404,-0.0351122699680561,-0.0361072592022432,-0.0355128462237913,-0.037631778308316,-0.0379989413838131,-0.0357187678415257,-0.0314366450735052,-0.0319657222958096,-0.0403897877401414,-0.0478330143316937,-0.0455984394318242,-0.0455317273696328,-0.0458047826003342,-0.0468301416006277,-0.0368974463199371,-0.0372436197703323,-0.0323346856794295,-0.0294393355373289,-0.0389704790176518,-0.037198469264291,-0.0410864631653421,-0.0417403302857943
"bspl4.4",-0.060488298381177,-0.0603408263875432,-0.0611258923791933,-0.0589888107852682,-0.0637365117011991,-0.0635459443991146,-0.0642060878581448,-0.0653957052692214,-0.0640346979702555,-0.0635519883238788,-0.0579806222667764,-0.060437951805125,-0.0682263553833,-0.066169476329362,-0.067785066905005,-0.069991746816691,-0.0565302243148795,-0.0700830817720402,-0.0669632390830919,-0.0668017540895164,-0.0676458818776148,-0.0675389350799581,-0.0683086283851497,-0.0679049907936467,-0.0671289565975503,-0.0654679486920426,-0.0686393577369466,-0.0631692649970764,-0.0652998383982491,-0.0653554625645068,-0.0671985323558249,-0.0652631678380874,-0.0626205743440381,-0.0592646950715488,-0.0608793034418016,-0.0676825664812697,-0.0739318831427977,-0.0729403901084791,-0.0721826809740032,-0.0727024671343611,-0.0734229221433053,-0.0660678581071747,-0.0666085888572888,-0.0603846235832198,-0.0592653247039833,-0.0682690479188494,-0.0656000048573062,-0.0702222717131566,-0.0711879222422325
"bspl4.5",-0.0692858094837423,-0.0672331602621284,-0.0654831219170488,-0.0673476884141266,-0.0686853653782965,-0.0687491103314106,-0.0693530877436903,-0.0707399263075891,-0.0692980862747185,-0.0687279320110473,-0.0634265266339771,-0.0683763522103952,-0.0737579617914219,-0.0742897817598094,-0.0733562702126694,-0.0766013830644211,-0.0626870740292027,-0.0760457649663277,-0.0726085893304196,-0.0737421866025134,-0.0751233578940591,-0.0748756623616486,-0.075533677638248,-0.0752789403092967,-0.0758575142589323,-0.0745213703554282,-0.0744795049376628,-0.071779017254121,-0.0706991963384812,-0.0705891382690843,-0.0720537995264476,-0.0711276679747505,-0.0692459943952677,-0.0656819096324024,-0.0693624962649779,-0.073698687581843,-0.0801457153389626,-0.0781844691857235,-0.0776474703074779,-0.0783689604533544,-0.0791481591186888,-0.0720896287678067,-0.0723989204197262,-0.0699524386896532,-0.0678121658091587,-0.0752157452605614,-0.0731859346442967,-0.0761676966352203,-0.0779381708366003
"bspl4.6",-0.0729097578105207,-0.0701045973269884,-0.0734623424776892,-0.0716277125868024,-0.0738590686573675,-0.074775774143103,-0.0744121683575838,-0.0750590720059474,-0.0745474257756127,-0.0749074885840363,-0.0704604396261243,-0.0725912306232563,-0.0787849990088377,-0.0787865859498407,-0.0790726407931481,-0.081630996098102,-0.0684761638796924,-0.0815967229241802,-0.0776529806909599,-0.0787870088977365,-0.0796976516468462,-0.0797863779089476,-0.0799367302404919,-0.079798714575386,-0.0804250757725212,-0.0788866355302862,-0.0793360983548953,-0.0758587005039685,-0.0754794416990278,-0.0762040936910615,-0.0773022624305636,-0.0753488344086059,-0.0735710358764307,-0.0707036016480225,-0.0737213763032221,-0.0785263334789546,-0.0848402894032338,-0.0828784024354328,-0.0829454297808788,-0.0831433657259382,-0.0835734772751707,-0.0774149122036848,-0.0768700790230731,-0.0737219277801778,-0.0725171580452271,-0.08038576301334,-0.0776929756324508,-0.0803842601478194,-0.0826200446107933
"bspl4.7",-0.0684965194070364,-0.0528963652443813,-0.0698393618232388,-0.0666713060720853,-0.0677811267287572,-0.0684247783077891,-0.0687244226754639,-0.0694812667744945,-0.0685898210407127,-0.0686573466391412,-0.0638303288187154,-0.0677572339795011,-0.0727216801017182,-0.0736939130430425,-0.072769786252096,-0.0759312810334967,-0.0626096818056156,-0.0755148424123712,-0.0717482804486378,-0.0733828869922398,-0.074723645415533,-0.0745149760367325,-0.0748565274308932,-0.0746753006427228,-0.075825585007415,-0.0743083271383831,-0.0737805511645953,-0.0711197656732323,-0.0700377592078087,-0.0702832434167854,-0.0717566266260738,-0.070010699384752,-0.0683920314227974,-0.0653432962703897,-0.0692616433180384,-0.0728605850531675,-0.0790948385313144,-0.077298536141934,-0.0769847453474006,-0.0774454720446832,-0.0783879738733649,-0.0714580221742029,-0.0711267698244319,-0.0688469663139796,-0.0677965672943441,-0.0747943431458928,-0.0725643592161986,-0.0747461668180564,-0.0766617541153826
"bspl4.8",-0.0595690741541339,-0.0591352002927361,-0.0576727843942736,-0.0572579489917787,-0.05882966152421,-0.059381145094584,-0.0597434989430943,-0.0608228190200242,-0.059400774301673,-0.0594605247909508,-0.0543720619201824,-0.0591699695734886,-0.0634997553716255,-0.0640640320599417,-0.0635266320244684,-0.0669048372793754,-0.0538203122068808,-0.0665512499999674,-0.0627282936785272,-0.0640558351211703,-0.0654548846832476,-0.0652738895063318,-0.0658299561100382,-0.0654930893392627,-0.0665467888732958,-0.0648422911160554,-0.0642697676388931,-0.0619357915490527,-0.0610376055407871,-0.0610841825947384,-0.062448000276995,-0.0612806321071617,-0.0594568049107256,-0.0561254662940578,-0.0597435252518212,-0.0632492382198774,-0.0703095221120452,-0.0682264179895362,-0.0679174966630735,-0.0685895559199185,-0.0694131716159633,-0.062903300463644,-0.0628504786316385,-0.0601637252380069,-0.0585324744527883,-0.0657440207399554,-0.0636722053102129,-0.0663423089092237,-0.0682755927575046
"bspl4.9",-0.0438661260219768,-0.039606743428231,-0.0404608682544567,-0.0414647028913947,-0.0432663682830807,-0.042131750751953,-0.0438419494983488,-0.0456807930932733,-0.0440451712156046,-0.0426225872398506,-0.0359624086277229,-0.0427990855112357,-0.0474782542733582,-0.0483183068811608,-0.0467099795713694,-0.051041577120736,-0.0375576552892155,-0.0499695142096182,-0.0467586016290038,-0.0483079735446785,-0.0500264039929264,-0.0494472315404661,-0.050426315969949,-0.0500245175402316,-0.0508939785527268,-0.0494268985975244,-0.0490666341035518,-0.0467495377883874,-0.0453074278637163,-0.0444035873674153,-0.0469791947773519,-0.0473821812482566,-0.044612645580579,-0.0408768403026402,-0.0445176578315075,-0.0489276221813869,-0.0548619172770041,-0.0530965304265649,-0.0517545019555823,-0.0533675600851479,-0.0548543694245107,-0.0473908983824632,-0.0479871271084253,-0.0446309533306151,-0.0436797926365175,-0.0507132734666382,-0.0490026031453837,-0.051599710947595,-0.052592531188894
"bspl4.10",-0.0557354186872569,-0.0512712420725296,-0.0522907987710645,-0.0538162349906036,-0.0568578351659248,-0.0574211125125911,-0.0575601771521594,-0.0582682669001909,-0.057270007813216,-0.0573366519968068,-0.0531783015065767,-0.0557090702327835,-0.0612370117998183,-0.0607580392382158,-0.061176634279035,-0.0638149784777654,-0.0516149210816517,-0.0639123927957451,-0.0606000292664317,-0.061372153822398,-0.0622163631986675,-0.0622813678733798,-0.0629248347549972,-0.0624898961357126,-0.0628807141527868,-0.0610133904695303,-0.0621373496925946,-0.0585748499534671,-0.0588423180773456,-0.0591619444912817,-0.0602732826007817,-0.0592738164893813,-0.0575004128133348,-0.0541196558958394,-0.0566656498699504,-0.0615272606708591,-0.0679540258850734,-0.0656170447550897,-0.0655567880158999,-0.0660097683319532,-0.0670007295351376,-0.0603598620053248,-0.0601044582642646,-0.0557824416717465,-0.0552446905878828,-0.0634709840199436,-0.0613233519011771,-0.0640088414008522,-0.0650389922724214
"bspl4.11",-0.0600964193921858,-0.0590721874244158,-0.0614688830529791,-0.0583391667312944,-0.0616123022917286,-0.0611475022032854,-0.0622109765945321,-0.0634315250702562,-0.0619812003519948,-0.0609979845726211,-0.0555879159437001,-0.0600114684235068,-0.0657542933507209,-0.0652597607997615,-0.0651297830566423,-0.0686816729802817,-0.0558573925412163,-0.06802620637625,-0.0651279101228286,-0.065819267571113,-0.0673782157679836,-0.0669134307300838,-0.0675919697868535,-0.0672859055414288,-0.0675103463544309,-0.0659916762120547,-0.0669016999682948,-0.0634972907079089,-0.063539397639075,-0.0631132107482402,-0.0649723364530435,-0.065009994445339,-0.0627966647332003,-0.0589840790790498,-0.061236874096974,-0.0671144423955043,-0.0723715718795401,-0.0706122065785034,-0.0698869408379636,-0.0710005294572849,-0.0723880927740729,-0.0655809897061465,-0.0658366067351775,-0.0620011753945603,-0.0603813108434236,-0.0686082857699306,-0.0664774691342062,-0.0701511441508873,-0.0700684528766265
"bspl4.12",-0.054368339540883,-0.0546329169577866,-0.052131043937212,-0.0529782272248379,-0.0539807000930781,-0.0557018133995401,-0.0548904659316914,-0.0550819154165558,-0.0549204008000283,-0.0561436382196629,-0.0518810335517046,-0.0548016798278613,-0.05896144930905,-0.0601387324209104,-0.0595867899847133,-0.0622262840301168,-0.0502243862902418,-0.0622370283938129,-0.0584409777968924,-0.0602701257135848,-0.0610757527567381,-0.0611098608122197,-0.0611859954855753,-0.0611291387781344,-0.0626242744495663,-0.061065999624346,-0.0603598780075581,-0.057621190281688,-0.0570475905857631,-0.0579024297758146,-0.0585439215234576,-0.0559903038509957,-0.0550393728640819,-0.0524219271256436,-0.0563850290110032,-0.0589392882626329,-0.0656450612246164,-0.0633517377689207,-0.0632952516960715,-0.0635974257156437,-0.0644280686504262,-0.0589624778919619,-0.0583474807445032,-0.0563710146499576,-0.0553982795274111,-0.0626334232184656,-0.0602011999790388,-0.0618590586104577,-0.0638521928109564
"bspl4.13",-0.075664978549226,-0.0670397885255446,-0.0709144178993836,-0.0738097268680888,-0.0788678178970785,-0.0762981615418883,-0.0792114036497959,-0.0818691850633093,-0.0792043963723892,-0.0762384068569063,-0.0692366584656575,-0.0765292109987744,-0.0821451343131426,-0.0804985823155934,-0.0802263110131639,-0.0848716752047879,-0.0722030627789915,-0.0838978143988601,-0.0817454128580196,-0.0821801122574206,-0.0836329274787047,-0.0831319438241723,-0.084488648978554,-0.0837826495148221,-0.0830105570467484,-0.0810993555554917,-0.0831633618400625,-0.0801934743578656,-0.0804638803768863,-0.0788054376572357,-0.0815229564879112,-0.0843705719428008,-0.080805399291878,-0.0763273582387134,-0.0771234286786687,-0.0851348740634002,-0.0897084215191556,-0.0877358112962598,-0.0864662252516014,-0.0884745408815203,-0.0905776599923779,-0.0829797105398427,-0.083912457467566,-0.0789691692877747,-0.0768901670923993,-0.0855709040067712,-0.0843209386350466,-0.0889641412617176,-0.087194510046287
"bspl4.14",-0.0418221919653033,-0.0482215709501516,-0.046213316058538,-0.0427071335959722,-0.0411826446427423,-0.0477864827209866,-0.0415924298901789,-0.0383594184065573,-0.0417160558292779,-0.0482220859238935,-0.0494306811543521,-0.043059427248153,-0.0469539679073102,-0.0510391921316441,-0.0512803246930161,-0.0509195194659742,-0.0402195774540239,-0.0520242573197795,-0.0464426255524677,-0.0489363342439788,-0.049271508984964,-0.0502141161146023,-0.0484979442236161,-0.0493806124940172,-0.0534596592787927,-0.0519808418824403,-0.0485618478684343,-0.0458075520501675,-0.0444759451246465,-0.0487752479163411,-0.0467745967376,-0.0380690023651776,-0.0400461136158895,-0.0399562121180548,-0.0466904215819951,-0.043900418039384,-0.0517515801479902,-0.0494374599819893,-0.051547052135117,-0.0493823401898955,-0.049119259676111,-0.0464400521488069,-0.0436756698121282,-0.0446891641719982,-0.0445037577018466,-0.0519113152664868,-0.0467676568777717,-0.0460226284372163,-0.0512606298865183
"bspl4.15",-0.0849740884321726,-0.0649790466733832,-0.0770986519846214,-0.0820494959578329,-0.0929727803862131,-0.0839575372285636,-0.093578135933537,-0.0996538601863232,-0.0924182824559855,-0.0825429050867048,-0.0710154774113228,-0.086594108467062,-0.0948834124724689,-0.0875895557673261,-0.0880878500208658,-0.0961364796189438,-0.0833826187784049,-0.0944663537581876,-0.094530331197432,-0.0922315447373551,-0.0948530254128084,-0.0937109916178489,-0.0972469770167845,-0.0954873314741182,-0.0898909746379538,-0.0873039301564047,-0.0955193591500819,-0.0902808414266924,-0.0935597976316883,-0.0872407765540621,-0.0929699781613561,-0.105445759507861,-0.0982516556851379,-0.089712413757322,-0.0848738470734602,-0.101574573951676,-0.10426843962261,-0.101821689132135,-0.0996684292510873,-0.103480781308409,-0.107497912009787,-0.0973333435065757,-0.100464775383695,-0.0907037620143616,-0.086570733374691,-0.0978097481794999,-0.0990237660706239,-0.107710389843156,-0.100205500184487
"bspl4.16",0.110348117122083,0.0581954441840815,0.0730917142034781,0.100046168027544,0.126164394076719,0.086990993744501,0.126919297890615,0.150606587350589,0.124740924000253,0.0838804246967915,0.052290338279441,0.107052406913122,0.113185315534837,0.0837986861544084,0.0845403534010557,0.102267327623686,0.107272483345181,0.0964430886412957,0.113504143631178,0.102068629303488,0.106536090364888,0.100561492331374,0.113913489618055,0.107345967241992,0.0830513125808256,0.083141796298333,0.111201025305089,0.106461704032294,0.118278792670078,0.0906211727153376,0.109719366730782,0.162620266722326,0.1402592163987,0.123236769572636,0.0939875243982942,0.135776324765046,0.119220654960481,0.120489550799275,0.106128447070019,0.123868934416454,0.132026661307959,0.117728200768496,0.133910748065873,0.110969798374413,0.102372405168145,0.101314259259701,0.121658789153019,0.141037597252876,0.110999516635387
"bspl4.17",0.229856034441438,0.217178236379175,0.216773773367863,0.229762831970237,0.235822207048736,0.225606286468041,0.234899806511231,0.24092664360462,0.235445723686064,0.224647065856158,0.220954123807395,0.229386872357312,0.228915372319266,0.21872881899592,0.222869921584292,0.224158379986617,0.233161823910442,0.223650727027471,0.229866256544065,0.222431090279582,0.222362768584367,0.220535171790283,0.22391442712724,0.222126260931327,0.212937746207705,0.215354088185269,0.228486454138025,0.22687416056869,0.229571847219745,0.225606835059894,0.228155314400355,0.239931718965766,0.233582341623271,0.233849556941778,0.220527991953763,0.230704062816392,0.222888155095736,0.225260133951564,0.219535187501296,0.224856946057683,0.224936016819877,0.223654881846987,0.227848049203214,0.22200064735786,0.221223073395605,0.216459029279466,0.222133825120653,0.227377609268586,0.219849532734127
"bspl4.18",0.0677052001921291,0.0785237403132069,0.0821715275145122,0.0690659861580238,0.0428590527064917,0.0524574478279451,0.0447313901452199,0.0414685006142187,0.0509870316676371,0.0605165705452769,0.0626978133713952,0.064388449191355,0.0425714713330825,0.065845757466868,0.0494062402027106,0.049137940638732,0.0576699410482038,0.0465673858803964,0.0420766253791247,0.0558907412559071,0.0533844584404968,0.0523204290554627,0.0489663475829914,0.0506259139173734,0.0647374267845646,0.0680152310376022,0.0440445877443641,0.0619748261509346,0.0462328429398206,0.0520431250423241,0.0463940065961305,0.0319598307502441,0.0376812535437405,0.0492076827809003,0.0670766256175554,0.0365369265687816,0.0325293276989078,0.0364298245859484,0.0337406991926183,0.0337408768038887,0.0293112096394527,0.0434692913065912,0.0398405511478243,0.0647867097737074,0.0714708232941988,0.0459481564955235,0.0482201155040285,0.0279868877943644,0.046357995898291
"bspl4.19",0.598472432357323,0.65607601909886,0.625360353689288,0.616401305443577,0.619302522177154,0.653663164697144,0.613371944862908,0.584659016757896,0.611979877935973,0.644926677772096,0.695883712612034,0.603308025069507,0.62234798853263,0.615299346089786,0.644542813601932,0.610453401535331,0.632028547307722,0.626038605268454,0.622650639074832,0.612124845954104,0.601474136288072,0.61228893084033,0.599438959918585,0.605816809188053,0.601682348308069,0.607937005867032,0.611486064811628,0.595229285364618,0.615302925443957,0.642196235804747,0.620386008087926,0.578002728968765,0.604191156987499,0.61764340122814,0.61041018936148,0.59798432158921,0.597615083735868,0.602230004958596,0.625992868084648,0.598176285801345,0.585263788680232,0.608584723248561,0.591885143252123,0.590957166527011,0.59851998937369,0.607101862028613,0.589776630781101,0.588995967409738,0.595858869020112
"bspl4.20",0.292798980884313,0.316563972636144,0.324011857205542,0.293146714197942,0.234128081769084,0.247012823901642,0.23487442818258,0.233349328415263,0.247080966947585,0.261395506838442,0.25319284414029,0.286309575784593,0.238037175691519,0.285425321110877,0.245765180829604,0.261989741764705,0.264595852526841,0.253460014033294,0.235897922238803,0.263838777803458,0.271122959844785,0.267133105611552,0.261440050609328,0.263975493708674,0.296569004099383,0.30191350267738,0.243376646496569,0.288716537588038,0.242847407741964,0.247193897015374,0.241057419390277,0.222505060817284,0.229086305106862,0.247498298936888,0.294385138982646,0.230219945874963,0.223778782121414,0.228475241178238,0.22241922112078,0.228554391363786,0.222044691134563,0.249993736477981,0.244252208775177,0.292621908700052,0.304257980438912,0.25795403226943,0.261795361181242,0.226479025782594,0.263518888009662
"bspl4.21",0.134573840111664,0.155008157155703,0.156401557737911,0.140640096801547,0.117427354393567,0.134044180024666,0.117043046345177,0.102705138488904,0.116456355571265,0.134321487286599,0.15631415336616,0.133503966291234,0.118630751704017,0.138063473749848,0.128318859631512,0.126510750746394,0.138117251044173,0.129276085723286,0.119403184795303,0.129921432752253,0.128438444522715,0.133127642357294,0.124684393952973,0.129209069431835,0.138862273912724,0.143408407626438,0.115830919059197,0.131384116511401,0.118398896345556,0.12930075871969,0.118208707213778,0.101768726892052,0.118337893876303,0.121349282381689,0.139827850300496,0.112160446686986,0.107388679046303,0.111012803298604,0.127982933305779,0.109616665230307,0.10359059353932,0.118397018227026,0.105651571449383,0.132626611782282,0.139607412330285,0.120289589526684,0.118355200567415,0.0949915549909781,0.113433609847601
"bspl4.22",0.00754295801251559,0.0165838157092633,0.0183992176347228,0.0102020349173195,-0.000486015118808538,0.00225169091248882,-0.00134460075396863,-0.00446401601206622,-2.58491267073619e-05,0.00362100038922092,0.0101602224562048,0.00706119284900265,-0.00527083393015458,0.00326727418401239,-0.000784844914803739,-0.00343905056309507,0.0065003436739218,-0.00377727386481398,-0.00426972323125464,-0.00167019619211711,-0.000731396368835709,-0.0022422252314823,-0.00327935662550712,-0.00262469556593575,0.00283862481894503,0.00581344107437539,-0.0052624111489636,0.00272431040828413,-0.0033882007862762,0.000104586028320294,-0.00270784443935217,-0.00924393815249975,-0.00641688374089259,0.00139073039214877,0.0072627841468158,-0.00769227743756854,-0.0108012224285901,-0.00840782610041692,-0.0093651264870092,-0.0106603540998253,-0.0124349390345187,-0.00624496004286376,-0.00822298319168738,0.00219276534315119,0.0058442683562177,-0.00732183495214694,-0.00666113278973989,-0.0157611990605477,-0.00685051761283553
"bspl4.23",-0.00595220564670404,0.00345954936153946,-0.00236115791172271,-0.00296271577174745,-0.0106008745364985,-0.00548362760468425,-0.0110564387154903,-0.0160117715743343,-0.0113392656211379,-0.00633782461213347,0.00341247855187414,-0.00728043262494539,-0.0123734386209271,-0.00918487732816447,-0.00945945536572168,-0.0140414525553761,-0.00314076633679132,-0.0122164794561945,-0.0119795587587516,-0.0111806613851208,-0.0124223766487967,-0.0106911126756524,-0.0135871192453462,-0.012096586856975,-0.0113931665681664,-0.008235457628089,-0.0148309992631369,-0.00933806119997116,-0.0114015506941463,-0.00842333483375411,-0.0122233162734914,-0.0176107277484781,-0.0112657192861453,-0.00781985984286844,-0.00593504125359816,-0.0158230371006335,-0.0218658942152082,-0.0185612238516948,-0.0129053647507085,-0.0192939380040079,-0.0230909861655577,-0.0151163867208273,-0.0182848231848431,-0.0101402949567425,-0.0072653371750676,-0.0176951538487447,-0.0169147878367495,-0.0237426425437457,-0.0192523186960621
"bspl4.24",-0.0473402792012656,-0.0457384800518766,-0.0384121387171505,-0.0455527766722831,-0.0516860508328785,-0.0510177746584588,-0.0523363991538732,-0.0537371537373615,-0.0518833076988,-0.0508947589688095,-0.0460048554116785,-0.0481204419044716,-0.0559943894555765,-0.0527716953707546,-0.0540933757251808,-0.0571152081856513,-0.0477694937835817,-0.0572973101940615,-0.0553866801021006,-0.0551173250718871,-0.0554316409312658,-0.0558348608749624,-0.0564231035431914,-0.0560075177981645,-0.0546718842560674,-0.0518888343534978,-0.0569557487310834,-0.0520915641919084,-0.0542667222781976,-0.0529690871038004,-0.055074766439834,-0.0575120487374838,-0.0558790001769833,-0.0506009581105306,-0.0496002574054742,-0.0580375365163577,-0.0623594842218468,-0.0599188087386155,-0.0610873451921498,-0.0614451199952023,-0.0633590899697755,-0.0585171839870963,-0.0588158533528182,-0.0535099132217181,-0.0509698890513995,-0.0610964355448289,-0.0593869211999205,-0.06407754295431,-0.060145399674892
"bspl4.25",-0.02865214624973,-0.0175163506308113,-0.0272929012887835,-0.027112986616397,-0.0323471144729639,-0.0314111700874504,-0.0327062261859131,-0.0339853177629948,-0.0322672371223,-0.0311127322240541,-0.026588963626578,-0.0299463368140311,-0.0354497112364252,-0.0341521526047279,-0.0347764264364604,-0.0378338358472271,-0.0280187173229751,-0.0371579244107788,-0.0353338553354631,-0.0356766308603501,-0.0364232988224184,-0.0363368301201687,-0.0371325714976492,-0.0366990477686557,-0.0370587078028047,-0.0342837855424102,-0.036718835878887,-0.0321655445551771,-0.0340551076159233,-0.0330059018346104,-0.0348172430827095,-0.0360207197434426,-0.033908784107723,-0.0299222662418457,-0.0304406019875326,-0.0362055550706935,-0.042836276339604,-0.0395798845223831,-0.0390324140659025,-0.0404788886825566,-0.0433669241753331,-0.0374725408891598,-0.0382489909837396,-0.0335786756220117,-0.031005762583158,-0.0416193370100944,-0.0386677068728281,-0.0432293661767876,-0.040720456001088
"bspl4.26",-0.0502674204954345,-0.04695468501519,-0.0493540395118399,-0.0486356284155289,-0.0524566415459475,-0.053518244030578,-0.0529172534639129,-0.0531219134818068,-0.0528473436965197,-0.0540494288000514,-0.051030061435628,-0.0508872761037877,-0.0565245258349124,-0.0557859441476155,-0.05650588180616,-0.0588645698988996,-0.0501203834716965,-0.0587440341903991,-0.0562277461111921,-0.0571713065126125,-0.0574736297791758,-0.0577180020074902,-0.0578241514374915,-0.0575269383541904,-0.0585986130036709,-0.0560952302801722,-0.0580182419455494,-0.0543780591838848,-0.0550550970284216,-0.0556381682133928,-0.0564325402049619,-0.0555993333268359,-0.0548323777135502,-0.0515525279185077,-0.0530401063752614,-0.0575076590617565,-0.06287304960098,-0.0603025865868201,-0.0609264054626893,-0.0613231416602548,-0.0633015628883646,-0.0591447261577077,-0.058663001506156,-0.055079277199133,-0.0537022377316868,-0.0630239957123128,-0.0607970364830401,-0.0629813934785145,-0.0617900502560582
"bspl4.27",-0.0190735808435338,-0.0171727191579291,-0.0177272836304206,-0.0172320745484028,-0.0209885387827017,-0.0196396241825704,-0.0212592189121307,-0.0230993223777174,-0.0208304764540527,-0.0195614243794821,-0.014289658950261,-0.019851906417952,-0.0247207587590203,-0.0245475609674538,-0.0230547737745227,-0.0276832402394054,-0.0177271123694278,-0.0269044111141507,-0.0242132518501004,-0.0255027123164727,-0.0270035577295634,-0.0268540957477025,-0.027465339877628,-0.0270435740677649,-0.0281223878863158,-0.0250708245547806,-0.025886063338954,-0.0233419744507547,-0.0230892510326287,-0.0216952156898813,-0.0235304463467761,-0.0260717565753124,-0.0238872392245159,-0.0189243376859383,-0.0213409063555709,-0.026398971591915,-0.0317329554019164,-0.0291154654238353,-0.0287484981472743,-0.0302570746461024,-0.0330071926593144,-0.0276718365738822,-0.0285896849077223,-0.0248719288574426,-0.0225367479150109,-0.03178707544379,-0.0298067186596994,-0.0333773198392906,-0.0308670866323537
"bspl4.28",-0.0464609534079554,-0.0507323745347393,-0.045284934967257,-0.0466910195445948,-0.0523003769757077,-0.056560751303027,-0.0520059034106048,-0.0490014838909922,-0.0509952035922417,-0.0558245279201658,-0.0588508252799651,-0.0484288958997195,-0.0565465748964789,-0.0545795413100112,-0.0590300453794186,-0.0576997474599312,-0.0506655332665302,-0.0591781799685061,-0.0564532492642361,-0.0557004677952999,-0.0551403237056872,-0.05656085434513,-0.0554183030841191,-0.0558016876289113,-0.0565887867938304,-0.0540072627840539,-0.0569852455447668,-0.0505229318093556,-0.0544595895173932,-0.057551702600276,-0.05631389469859,-0.0519213457733559,-0.0532524924003455,-0.0513772100909546,-0.0517586588243598,-0.0555341593438023,-0.0622510664662263,-0.059217643882894,-0.063008557473406,-0.0601867119626861,-0.0617230401604263,-0.058371170999516,-0.0560686357631048,-0.0515871533911784,-0.0501908865944701,-0.0628951060737262,-0.0574602189173881,-0.0606261862335184,-0.0597621942352113
"bspl4.29",0.111852188862508,0.12801299068147,0.111253086317066,0.117940185455959,0.123494526463293,0.131941922851977,0.121007640137422,0.112253664684687,0.119846854874909,0.128389799434108,0.147301980039069,0.112930423336145,0.120235888703546,0.11321383509796,0.127193489186122,0.111308820937516,0.124574026318107,0.117221224230279,0.121744737258758,0.112592645275416,0.107561132690187,0.110748725084879,0.107658328657362,0.109308826296223,0.103217365040621,0.106762723598553,0.1163891710625,0.107157757937029,0.119357246038527,0.126527356896457,0.120855210005297,0.109763138529421,0.116240355207823,0.123611598555976,0.113296773674903,0.114120365653291,0.110124011357595,0.113122846992749,0.11882023291908,0.110848677016564,0.106214630490129,0.112837462542104,0.109573261172908,0.104185615162549,0.106810674291673,0.107982375820653,0.10315109374589,0.106738182038092,0.106284358234315
"bspl4.30",0.324955854138013,0.358943311719881,0.341260066811156,0.335316754962074,0.334362016807553,0.353158737115594,0.330798848255033,0.315665932529594,0.331771260297333,0.349405441388898,0.377369477389671,0.327021481646332,0.334238976264936,0.332954115348756,0.347659656524522,0.326026274475188,0.340157168439648,0.334516935815273,0.334895394613121,0.328765107079595,0.322376474152331,0.327150722879899,0.320695845346614,0.323639576486423,0.322974454684843,0.327714813058745,0.328344587330973,0.320925394863659,0.331128904980456,0.346386198103555,0.33414811077875,0.307153036308405,0.320439482714885,0.33431428746989,0.330167323288948,0.319357494107214,0.314669582060276,0.320190320592376,0.329072093269393,0.316609670929105,0.30844792364714,0.323933755433991,0.316913003654626,0.317413150946025,0.322436439629411,0.321422591765778,0.312809784930249,0.3119465988985,0.31879533245294
"bspl4.31",0.389235243991832,0.423616400387706,0.411796251065386,0.400553838947699,0.390638192761773,0.414501111241816,0.386762902657534,0.367715072019083,0.388208937749923,0.411859492220372,0.442153591939375,0.389626083808971,0.39186852777651,0.396647299540505,0.408120493068757,0.389114984670557,0.402959442043982,0.397363446632207,0.394159786738846,0.39100286284697,0.38462131269117,0.390761436066137,0.381503111678317,0.385971787269806,0.388321467136439,0.394439222580637,0.387000019874281,0.384960572132771,0.388853689266315,0.405946912302995,0.392601097750822,0.361793582815406,0.379001961738513,0.393453666214239,0.395508526144279,0.377008036433425,0.373804230852757,0.377266515883041,0.39130222047733,0.374988453119348,0.36500068989389,0.385523666437821,0.373519859222906,0.382180263006405,0.389593993331669,0.384609240011417,0.37429256507685,0.367384608239245,0.38051056292555
"bspl4.32",0.282619257419492,0.30447282791618,0.299738470204968,0.288184494485871,0.270709864858326,0.28269246373483,0.269490187233598,0.262279491338294,0.273787633083893,0.284891803241586,0.295203851185752,0.281507735548563,0.271274886276595,0.282408604400785,0.278993806597589,0.274569234549347,0.282591868019016,0.275905297679028,0.272085668631232,0.275740999574027,0.274862262890297,0.276144699519855,0.271654932605708,0.273642510334208,0.281863064704082,0.286701409740216,0.27000340623223,0.278890955340696,0.270818093618139,0.278937853535599,0.271817838229493,0.25538100112103,0.262946553710899,0.275178066766509,0.284677316356385,0.262842406732827,0.256550838794692,0.261513648008141,0.263807886612875,0.259709180432119,0.253253721166496,0.267752364414566,0.262386485932094,0.277401117882432,0.283224717459828,0.267108321793076,0.265744830439553,0.254327374468845,0.268574091917103
"bspl4.33",0.197368249868472,0.216505286372878,0.216107590868657,0.202045261757804,0.183045762810294,0.195305822958828,0.181648725821114,0.172938533659978,0.183829651626051,0.196487522398566,0.210486664588446,0.194726820705247,0.182850182487698,0.197667015556309,0.191581091765808,0.186737581326789,0.19548775944935,0.188813257246142,0.183474054345678,0.188357407961763,0.188781998722926,0.189802729955307,0.184922903427962,0.187399578276203,0.195676521674827,0.200353378236284,0.181436980955693,0.192273650250938,0.182910474105843,0.190645932564664,0.183407289226826,0.167303597695836,0.176397651051966,0.186503439838876,0.199256493664607,0.174798782740209,0.17012200249222,0.173413841924335,0.17836715743204,0.171702677285043,0.166258114203457,0.181300917954497,0.174994198497442,0.191198444835895,0.197448108615737,0.181011614838694,0.179068865213868,0.166287259190121,0.181413633408699
"bspl4.34",0.173263172804555,0.194289075465689,0.181532175481957,0.178963797845441,0.172228111215598,0.180362443490331,0.170387281649136,0.163047722349229,0.17076162423139,0.178634393569591,0.191074605926992,0.172184308188942,0.170076887280366,0.171502240432313,0.175782335846516,0.167833790400207,0.17726067155064,0.17094661559459,0.170581290890032,0.16899790661433,0.167368570064744,0.169416378791032,0.166035951807841,0.167665084456532,0.167764213699916,0.172364794615433,0.167144788547353,0.169529931413486,0.17010169241415,0.175907881485044,0.170163216329236,0.16001382847847,0.166305669988128,0.17395741354235,0.174219473280445,0.163652255515603,0.158582621979222,0.162782416368433,0.1666429845646,0.160783110825752,0.155446125905213,0.165905177141892,0.162374132647498,0.167166971084648,0.170632256121976,0.162530390093173,0.160775597138483,0.157000605400424,0.162870338745225
"bspl4.35",0.0849544357896194,0.100523110045243,0.101956086956756,0.0882480732572314,0.0770347559150245,0.0844410856015463,0.07624270458995,0.0706080178561134,0.077681729614646,0.0846074782103649,0.0957107172962802,0.0836277545732304,0.0757512376603757,0.0831368189618907,0.0811374754918309,0.0757865870614284,0.0840200619509884,0.0775549595871244,0.0761880498458535,0.0773174905315381,0.0771895918042216,0.0776801670366147,0.0746157188608556,0.0763581160184847,0.0804807988334242,0.0842993240227069,0.0739260193359093,0.0794421643236858,0.0757239004719903,0.0810038617846851,0.075909875308733,0.0648528226357996,0.0715339534326675,0.0792364593488057,0.0846213720244758,0.0688644900981967,0.0646262806069246,0.0679626100278665,0.0706958797884419,0.0659850032515427,0.0616414891849764,0.0712628935197115,0.0677417067742228,0.0777883697629209,0.0819454498817441,0.0691078550207538,0.068527073484042,0.0605000334573993,0.0702963902667348
"bspl4.36",0.0934168422662935,0.0964813440866199,0.0978989020138208,0.0959950469914159,0.0923200999213916,0.0933356517051677,0.0907404969712428,0.0884215691219513,0.0904132138195997,0.0924673034473887,0.0987122371390651,0.092309628360533,0.0875752969629929,0.0890766749657863,0.0902761690456256,0.0857513594237905,0.0938228229657283,0.0870710867035601,0.0885854360683256,0.0860753929571054,0.085971051170004,0.0859211503774211,0.0853659609463344,0.0856774142815292,0.0843606214735329,0.0879857320793551,0.0865173329223323,0.0886928603934269,0.088089225442642,0.0903837443061086,0.0885077633757291,0.0856114483257656,0.0867677876387887,0.0925186706683139,0.090973085782569,0.0853887788159517,0.0804485147470764,0.0840389089813229,0.0838712191004409,0.0818722062286239,0.0786844590582331,0.0836970082752839,0.0828642497896337,0.0848411325788906,0.087345348977084,0.078823604983524,0.0804199867561805,0.0774241620874796,0.0806767119974852
"bspl4.37",0.0526085627893434,0.0675278097634232,0.0630816925185626,0.0574172725868491,0.0518712725936189,0.0576722106581523,0.0505772893012411,0.04511197023328,0.0508246498884648,0.0554575271149482,0.0676179271463272,0.0522921750604068,0.0495630799141402,0.0513458448476116,0.0542429143163183,0.0470412197080003,0.0553262743634994,0.0497027783711482,0.0502616842782427,0.0480765881047704,0.0475885209194995,0.0483983410454719,0.0460676913502991,0.0473689376801163,0.0476971119232241,0.051670363571332,0.0465912696827725,0.0480248649247832,0.0493910372088974,0.0538679656816092,0.0493661795173051,0.04078060309231,0.0456407886066106,0.0524546867495367,0.0528180456858415,0.04296694790804,0.0392546948382732,0.0425591169770448,0.0449144730473894,0.0405044971663314,0.0368608367354956,0.0435685763787714,0.0415162388553234,0.0453562060106452,0.0484972586783159,0.0405143176802368,0.0392177682416495,0.0364568746688697,0.0417767503097444
"bspl4.38",0.0121914200014288,0.018554440289161,0.0178976299029113,0.0143590193934809,0.00717807090972333,0.00949834591041158,0.00632803869302569,0.00398552708587746,0.00662916526131925,0.00883085851795556,0.0148820809566531,0.0094402960995062,0.00406398902340865,0.00661697826901917,0.00619020270085622,0.00317274633314861,0.0107921980565962,0.00445960618450172,0.00435314765575478,0.004001699323759,0.00390455312654377,0.00397474573728573,0.00306305641363768,0.00380359560651071,0.00356347677019092,0.00737616207205945,0.00282352728036623,0.00654953447810533,0.00444365019390445,0.00588230337128443,0.0040311701309713,0.00027248064820208,0.00320824444546195,0.00780318406452785,0.0086743508481857,0.000762136883869251,-0.00413090529859751,-0.00128054695197444,-0.000265413412863176,-0.00266658932175623,-0.00662194085918535,-9.95537126535785e-05,-0.0012745764648264,0.00392409581729565,0.00674415535639677,-0.00450259840453213,-0.0019821181106066,-0.0069011092092135,-0.00208358198394001
"bspl4.39",-0.00188676454164507,-0.000142983793260693,0.00475500783822017,-0.000929961833511647,-0.00932128865781449,-0.00846432402620706,-0.00946044664498555,-0.0101153963604564,-0.0081091651984072,-0.00792016646793269,-0.00631092620748111,-0.00414844596575831,-0.0119821926676184,-0.00776857742044371,-0.0114828396861487,-0.0114124568032229,-0.00540914437240135,-0.0116913790162548,-0.0119161416648613,-0.0106161040340984,-0.0101688920432033,-0.0105455997837901,-0.0113713385934531,-0.0110457710838478,-0.00993302780213417,-0.00637094785909503,-0.0127460717773353,-0.00642768067661388,-0.0107650271453495,-0.0107908087601397,-0.0120971633982339,-0.0137171133752327,-0.011697592386501,-0.00808770638222023,-0.00545483850579404,-0.0146223223174473,-0.0211015189775238,-0.0173907915061417,-0.0184673503165399,-0.0187364356405045,-0.0223719707852025,-0.0154531259150392,-0.0162326989183343,-0.00866516865257682,-0.0055996982762514,-0.0194009619207172,-0.0169299932985063,-0.0223180690675834,-0.0167961533953587
"bspl4.40",-0.0212844259899683,-0.0187304210170779,-0.0187956829542849,-0.0203238055074207,-0.0262200295246629,-0.0256762146237957,-0.0268686821988328,-0.027856063101788,-0.0266406581054848,-0.0266843637113059,-0.0223602194738773,-0.0247286993755364,-0.0293897847211636,-0.0278690549708765,-0.0284728263381522,-0.0302118361404698,-0.0238279663478595,-0.0291738094874734,-0.0287441975641336,-0.0307675713831115,-0.0301205053478227,-0.0303871339178652,-0.0303606513862309,-0.0301242869728744,-0.0319240634789404,-0.0278737141594524,-0.0304406495184361,-0.0270693930242203,-0.0286307469941273,-0.0286252911651705,-0.0300349455989463,-0.0305190432022737,-0.0296121959610522,-0.0263774052675091,-0.0270028860482099,-0.0323179342571125,-0.0371230801833565,-0.0349199815030352,-0.0348256996028971,-0.0360979152090223,-0.0392405889077074,-0.0340805281161851,-0.0343396608622443,-0.0309001154300765,-0.0288427422328327,-0.0391950770900057,-0.0365912318761435,-0.0389452643388144,-0.0358465988446988
"bspl4.41",-0.00784256854084547,-0.0010310270226228,-0.00089863240939508,-0.00513799053499975,-0.0129448831097928,-0.012487252181851,-0.0127016340529303,-0.012620771340446,-0.010792691682424,-0.0110110793736753,-0.0108665398024763,-0.00795764104298009,-0.0162186833175719,-0.0124823201882462,-0.0151518323066289,-0.0164536651591182,-0.0108446823295488,-0.0165005703241195,-0.0158542350250513,-0.0144741370474576,-0.0145915173048264,-0.0157845662649561,-0.0157584454992548,-0.0156454778186671,-0.0147297915758332,-0.0113298423908666,-0.0167476072036821,-0.0109750289279629,-0.0149819995011621,-0.0145413736103456,-0.0154121026136476,-0.017761953689425,-0.0169648856730803,-0.0117519707654388,-0.010015212601314,-0.0186114479181322,-0.0245407417869725,-0.0203096965587318,-0.0233386085122316,-0.022340038690165,-0.0261007683795714,-0.020595602101485,-0.0205331693416913,-0.0135759610702753,-0.0104158864047373,-0.0244707651960968,-0.0216383470421186,-0.0271309953702326,-0.0216254848782488
"bspl4.42",-0.0188927381041604,-0.00877650733445593,-0.0132559352587739,-0.0166786577024105,-0.0190702290529734,-0.0169349868342769,-0.0209120637628875,-0.0244214619283297,-0.0212517370634426,-0.0194212087177622,-0.0101970897772459,-0.0210823198114271,-0.0231299565200563,-0.0229269860952747,-0.0202359997149097,-0.0256575987121616,-0.0178447590227145,-0.0235562676281872,-0.0224758309089883,-0.0266699254389533,-0.0261555969074824,-0.0257623542035025,-0.0265084611143135,-0.0258051807750784,-0.02828177653143,-0.0243594125084834,-0.0247291895459918,-0.0242712321688451,-0.0226685253242478,-0.021360528960051,-0.0239119304438758,-0.0265169568761417,-0.0247078952700729,-0.0202323951232962,-0.0225266866288985,-0.027343059297676,-0.0309200478468579,-0.0292819730097199,-0.0276153816416818,-0.0303416561056624,-0.0339203452117322,-0.0284084490674271,-0.0294064485410506,-0.0289024575303031,-0.0265622191536304,-0.0338199932147881,-0.032757954247611,-0.0333996779225549,-0.0308215920252512
"bspl4.43",0.0438431786366401,0.04108082875807,0.0498492008387078,0.0457948585182959,0.0364984132927117,0.0364579521204674,0.0379979293099869,0.0399788998243844,0.0416900459700309,0.040250830298147,0.0352399006143234,0.0430069919012737,0.0340496440839363,0.0369610505082311,0.0337612823202356,0.0332352743764348,0.0377245655426526,0.0322021372735361,0.0343465410407284,0.0375625284509102,0.0361808677932832,0.0348035725951248,0.0350047962615389,0.0351480640017601,0.036370092709896,0.0396370294636791,0.0338928899879537,0.0398623288306117,0.0367193733252954,0.0361973262800567,0.0370637045431819,0.0337819584119524,0.0341283773776491,0.0405804292989436,0.0417895541151155,0.0334488889318867,0.0275470604669361,0.0331013335850905,0.0266029037795286,0.0301604237231098,0.0256727364626395,0.0296694335236758,0.0303496021698247,0.0392514973480577,0.0423252461972782,0.0263004725023553,0.0299085651665576,0.0234452501872713,0.0297939673957976
"bspl4.44",-0.00841268412105577,0.00577655235145355,-0.00657343441410276,-0.00403314375614106,0.00457116256187344,0.007304441643713,-0.000392475484034277,-0.00787217564068974,-0.00487797731407696,-0.00123485351089212,0.0204508166630151,-0.00907543879772846,-0.00156170034275767,-0.00791365247815268,0.00354554599535337,-0.00787877796863302,0.00289704382367071,-0.0016487278573591,-7.7613667727892e-05,-0.0134943260921012,-0.0117683858647071,-0.0095630443500153,-0.0105486940957133,-0.00996454193231656,-0.0183940278767359,-0.0139294125064893,-0.0052897227823587,-0.0123039719452628,-0.00327828663581811,-0.00028105331149476,-0.0054725975190542,-0.00655695159313178,-0.00456452401661668,-0.00111246073084607,-0.0109265031755089,-0.00805970666936304,-0.0116793252547109,-0.0116960429243893,-0.00429198387414796,-0.0117974997679504,-0.0143018062288998,-0.00885914450518245,-0.0112384142643896,-0.0218046360648823,-0.0196583692807334,-0.0181799634004486,-0.0196922555178668,-0.0120056970009515,-0.0156091042778691
"bspl4.45",0.33363520420721,0.314885206626142,0.330787589930808,0.329818313968922,0.310923828220601,0.299331852689102,0.320975240136249,0.341769802958814,0.337845857390999,0.32179654050149,0.270593064009297,0.331924739696396,0.310429560411702,0.312235016768226,0.297718874367151,0.309254632792034,0.304526614871836,0.298241974510452,0.308589660866584,0.330060710523258,0.323542694697032,0.313364989640784,0.321369894606841,0.317815417446472,0.323334857531778,0.32656730612609,0.314089631734419,0.32687945497877,0.320605960657081,0.306424730476302,0.320993551149795,0.329996719733184,0.316754779518704,0.326702701710346,0.328166181940524,0.320608124190194,0.314219496698561,0.324102323113364,0.288702889335659,0.319125022661431,0.311760954378337,0.310918829356269,0.32333222877885,0.341049147356391,0.343595213316095,0.3088704403285,0.324153589895172,0.311909578178579,0.321357261425234
"bspl4.46",0.258621906796997,0.234113567736036,0.246210211107195,0.258321192627394,0.251612651177179,0.229571070229004,0.252382351201555,0.271356021504382,0.261945618683434,0.239069648001358,0.213693044824618,0.259425012048705,0.241854014991571,0.244861777550918,0.230538998183992,0.251964415745641,0.249777158347559,0.245203663255103,0.243885057283195,0.24379934248086,0.24903974442594,0.242120511271229,0.251594259436133,0.247062999553814,0.241929783059092,0.247407497962005,0.250623695046341,0.260945247556104,0.247755877652382,0.229310601341489,0.238233131590212,0.277632643005017,0.252144497544549,0.246947699177499,0.243178683364253,0.248013164585029,0.241457692583105,0.239201473234431,0.219642722266021,0.238864405530321,0.240186909765627,0.242412346346679,0.248309339856951,0.250960137187627,0.252184755654753,0.226803909166358,0.248523648988785,0.247718236751034,0.242879217758689
"bspl4.47",0.686754905251432,0.544323234785201,0.586843819377856,0.654862972512527,0.721493275999632,0.621179188021407,0.72830669442769,0.788630947589529,0.722335103973491,0.614175651134661,0.503644556325664,0.68189546561145,0.698805691774307,0.620051433542921,0.620823801134943,0.672215907718116,0.660224908227023,0.653560685332907,0.698999903344257,0.678235183804829,0.689717923622268,0.671431133346006,0.706973262567726,0.690443931250635,0.629476835635032,0.62579270518546,0.694372931185886,0.680523278687556,0.711316472978253,0.64297738014951,0.701252124916954,0.807272504197111,0.760359059803382,0.723571337659023,0.653334072421866,0.763943116331428,0.734305830240403,0.745176720059987,0.700713844439978,0.752768058536801,0.769359751444689,0.70028465694231,0.743634769294805,0.686574960955568,0.668190634085759,0.6707912284823,0.713853601840598,0.761299540737372,0.699998074572514
"bspl4.48",1.42208981124931,1.30163126248231,1.35367050897379,1.42807722782597,1.45291418322048,1.39657716416622,1.44596613221995,1.46276776231755,1.48035293236817,1.42497523747074,1.28146945929531,1.447354775805,1.43177764327721,1.39285410766132,1.40122729942434,1.45532175489291,1.45156239651898,1.45339373042351,1.44006262869146,1.41616975019898,1.43433070527379,1.42452356265008,1.45024772125839,1.4413938453119,1.39152516462413,1.40850282117319,1.44835619335702,1.43500532096154,1.44894386609567,1.38924868234248,1.42424482341801,1.50623307846186,1.4545357662171,1.43861828958515,1.40104393341556,1.43797849097747,1.44186120846589,1.42939393028206,1.3937154077076,1.43902858170417,1.424219212798,1.46917734589453,1.45221035795986,1.43511619156092,1.44936989063727,1.4054409518021,1.46249017624924,1.47717768760135,1.4601335906818
"bspl4.49",1.191452875582,1.24619771506565,1.21400485623692,1.21136732408178,1.186080976074,1.21202507334967,1.18416307621355,1.18913560061928,1.18306171028749,1.20701745508609,1.2494005366812,1.22661098384248,1.17677413895695,1.20360762056495,1.20209757194632,1.17036349763205,1.18922119796185,1.17057612817995,1.2021517056437,1.19149317256246,1.19820970224189,1.19837875664322,1.20195666597543,1.19963866187208,1.20165532643669,1.20904949653227,1.17709340703057,1.22072110026624,1.2295816522635,1.24816229383655,1.24012727249434,1.17479414538102,1.18013307946274,1.2390495745629,1.24125783080024,1.20625078303166,1.22527259797574,1.26367278392951,1.23900278545064,1.25444972530271,1.24485253899947,1.09196880475946,1.10190732342069,1.08314529306447,1.17235183719344,1.09580234992654,1.11496653829151,1.11445031430263,1.09597493095613
"bspl4.50",1.24451722946832,1.20433901114587,1.21524428868131,1.217019286087,1.21404135939246,1.20427675694714,1.20585868356147,1.21022769776285,1.23130769497252,1.23135423251846,1.19837845110063,1.23915428568248,1.206615914509,1.19871872789451,1.20780867428546,1.21530529643579,1.22408458143623,1.21693777502575,1.21703554163298,1.2016999835358,1.21670171150065,1.20723380772955,1.219997667325,1.21660820640838,1.2033091353575,1.22524794946889,1.21698277158169,1.23004567682223,1.25617676440495,1.24858545975784,1.24947578100994,1.23985534296591,1.22457974958301,1.23655342444523,1.24440924166984,1.21961987434023,1.24661244255397,1.27071028184418,1.23824367249756,1.25685743936309,1.2470379936276,1.17928078364199,1.17851948418766,1.19024747004405,1.23097653379224,1.11988215632309,1.17770261791317,1.1766281122716,1.1781531894922
