,2,3,4,6,7,8,9,10,11,12,14,15,16,17,19,21,22,23,24,25,27,28,29,30,31,32,34,35,36,37,38,39,40,41,42,43,44,45,46,47,49,50,51,52,54,56,57,58,59,60
bspl4.1,-0.0551944688616026,-0.0551944688616026,-0.0551944688616026,-0.0551944688616026,-0.0551944688616026,-0.0551944688616026,-0.0551944688616026,-0.0551944688616026,-0.0551944688616026,-0.0551944688616026,-0.0551944688616026,-0.0551944688616026,-0.0551944688616026,-0.0551944688616026,-0.0551944688616026,-0.0551944688616026,-0.0551944688616026,-0.0551944688616026,-0.0551944688616026,-0.0551944688616026,-0.0551944688616026,-0.0551944688616026,-0.0551944688616026,-0.0551944688616026,-0.0551944688616026,-0.0551944688616026,-0.0551944688616026,-0.0551944688616026,-0.0551944688616026,-0.0551944688616026,-0.0551944688616026,-0.0551944688616026,-0.0551944688616026,-0.0551944688616026,-0.0551944688616026,-0.0551944688616026,-0.0551944688616026,-0.0551944688616026,-0.0551944688616026,-0.0551944688616026,-0.0551944688616026,-0.0551944688616026,-0.0551944688616026,-0.0551944688616026,-0.0551944688616026,-0.0551944688616026,-0.0551944688616026,-0.0551944688616026,-0.0551944688616026,-0.0551944688616026
bspl4.2,-0.027215983846131463,-0.027215983846131463,-0.027215983846131463,-0.027215983846131463,-0.027215983846131463,-0.027215983846131463,-0.027215983846131463,-0.027215983846131463,-0.027215983846131463,-0.027215983846131463,-0.027215983846131463,-0.027215983846131463,-0.027215983846131463,-0.027215983846131463,-0.027215983846131463,-0.027215983846131463,-0.027215983846131463,-0.027215983846131463,-0.027215983846131463,-0.027215983846131463,-0.027215983846131463,-0.027215983846131463,-0.027215983846131463,-0.027215983846131463,-0.027215983846131463,-0.027215983846131463,-0.027215983846131463,-0.027215983846131463,-0.027215983846131463,-0.027215983846131463,-0.027215983846131463,-0.027215983846131463,-0.027215983846131463,-0.027215983846131463,-0.027215983846131463,-0.027215983846131463,-0.027215983846131463,-0.027215983846131463,-0.027215983846131463,-0.027215983846131463,-0.027215983846131463,-0.027215983846131463,-0.027215983846131463,-0.027215983846131463,-0.027215983846131463,-0.027215983846131463,-0.027215983846131463,-0.027215983846131463,-0.027215983846131463,-0.027215983846131463
bspl4.3,-0.036704903932038874,-0.036704903932038874,-0.036704903932038874,-0.036704903932038874,-0.036704903932038874,-0.036704903932038874,-0.036704903932038874,-0.036704903932038874,-0.036704903932038874,-0.036704903932038874,-0.036704903932038874,-0.036704903932038874,-0.036704903932038874,-0.036704903932038874,-0.036704903932038874,-0.036704903932038874,-0.036704903932038874,-0.036704903932038874,-0.036704903932038874,-0.036704903932038874,-0.036704903932038874,-0.036704903932038874,-0.036704903932038874,-0.036704903932038874,-0.036704903932038874,-0.036704903932038874,-0.036704903932038874,-0.036704903932038874,-0.036704903932038874,-0.036704903932038874,-0.036704903932038874,-0.036704903932038874,-0.036704903932038874,-0.036704903932038874,-0.036704903932038874,-0.036704903932038874,-0.036704903932038874,-0.036704903932038874,-0.036704903932038874,-0.036704903932038874,-0.036704903932038874,-0.036704903932038874,-0.036704903932038874,-0.036704903932038874,-0.036704903932038874,-0.036704903932038874,-0.036704903932038874,-0.036704903932038874,-0.036704903932038874,-0.036704903932038874
bspl4.4,-0.06552170666134874,-0.06552170666134874,-0.06552170666134874,-0.06552170666134874,-0.06552170666134874,-0.06552170666134874,-0.06552170666134874,-0.06552170666134874,-0.06552170666134874,-0.06552170666134874,-0.06552170666134874,-0.06552170666134874,-0.06552170666134874,-0.06552170666134874,-0.06552170666134874,-0.06552170666134874,-0.06552170666134874,-0.06552170666134874,-0.06552170666134874,-0.06552170666134874,-0.06552170666134874,-0.06552170666134874,-0.06552170666134874,-0.06552170666134874,-0.06552170666134874,-0.06552170666134874,-0.06552170666134874,-0.06552170666134874,-0.06552170666134874,-0.06552170666134874,-0.06552170666134874,-0.06552170666134874,-0.06552170666134874,-0.06552170666134874,-0.06552170666134874,-0.06552170666134874,-0.06552170666134874,-0.06552170666134874,-0.06552170666134874,-0.06552170666134874,-0.06552170666134874,-0.06552170666134874,-0.06552170666134874,-0.06552170666134874,-0.06552170666134874,-0.06552170666134874,-0.06552170666134874,-0.06552170666134874,-0.06552170666134874,-0.06552170666134874
bspl4.5,-0.07206675053866385,-0.07206675053866385,-0.07206675053866385,-0.07206675053866385,-0.07206675053866385,-0.07206675053866385,-0.07206675053866385,-0.07206675053866385,-0.07206675053866385,-0.07206675053866385,-0.07206675053866385,-0.07206675053866385,-0.07206675053866385,-0.07206675053866385,-0.07206675053866385,-0.07206675053866385,-0.07206675053866385,-0.07206675053866385,-0.07206675053866385,-0.07206675053866385,-0.07206675053866385,-0.07206675053866385,-0.07206675053866385,-0.07206675053866385,-0.07206675053866385,-0.07206675053866385,-0.07206675053866385,-0.07206675053866385,-0.07206675053866385,-0.07206675053866385,-0.07206675053866385,-0.07206675053866385,-0.07206675053866385,-0.07206675053866385,-0.07206675053866385,-0.07206675053866385,-0.07206675053866385,-0.07206675053866385,-0.07206675053866385,-0.07206675053866385,-0.07206675053866385,-0.07206675053866385,-0.07206675053866385,-0.07206675053866385,-0.07206675053866385,-0.07206675053866385,-0.07206675053866385,-0.07206675053866385,-0.07206675053866385,-0.07206675053866385
bspl4.6,-0.07701731636807668,-0.07701731636807668,-0.07701731636807668,-0.07701731636807668,-0.07701731636807668,-0.07701731636807668,-0.07701731636807668,-0.07701731636807668,-0.07701731636807668,-0.07701731636807668,-0.07701731636807668,-0.07701731636807668,-0.07701731636807668,-0.07701731636807668,-0.07701731636807668,-0.07701731636807668,-0.07701731636807668,-0.07701731636807668,-0.07701731636807668,-0.07701731636807668,-0.07701731636807668,-0.07701731636807668,-0.07701731636807668,-0.07701731636807668,-0.07701731636807668,-0.07701731636807668,-0.07701731636807668,-0.07701731636807668,-0.07701731636807668,-0.07701731636807668,-0.07701731636807668,-0.07701731636807668,-0.07701731636807668,-0.07701731636807668,-0.07701731636807668,-0.07701731636807668,-0.07701731636807668,-0.07701731636807668,-0.07701731636807668,-0.07701731636807668,-0.07701731636807668,-0.07701731636807668,-0.07701731636807668,-0.07701731636807668,-0.07701731636807668,-0.07701731636807668,-0.07701731636807668,-0.07701731636807668,-0.07701731636807668,-0.07701731636807668
bspl4.7,-0.07132684552316794,-0.07132684552316794,-0.07132684552316794,-0.07132684552316794,-0.07132684552316794,-0.07132684552316794,-0.07132684552316794,-0.07132684552316794,-0.07132684552316794,-0.07132684552316794,-0.07132684552316794,-0.07132684552316794,-0.07132684552316794,-0.07132684552316794,-0.07132684552316794,-0.07132684552316794,-0.07132684552316794,-0.07132684552316794,-0.07132684552316794,-0.07132684552316794,-0.07132684552316794,-0.07132684552316794,-0.07132684552316794,-0.07132684552316794,-0.07132684552316794,-0.07132684552316794,-0.07132684552316794,-0.07132684552316794,-0.07132684552316794,-0.07132684552316794,-0.07132684552316794,-0.07132684552316794,-0.07132684552316794,-0.07132684552316794,-0.07132684552316794,-0.07132684552316794,-0.07132684552316794,-0.07132684552316794,-0.07132684552316794,-0.07132684552316794,-0.07132684552316794,-0.07132684552316794,-0.07132684552316794,-0.07132684552316794,-0.07132684552316794,-0.07132684552316794,-0.07132684552316794,-0.07132684552316794,-0.07132684552316794,-0.07132684552316794
bspl4.8,-0.06247820382932419,-0.06247820382932419,-0.06247820382932419,-0.06247820382932419,-0.06247820382932419,-0.06247820382932419,-0.06247820382932419,-0.06247820382932419,-0.06247820382932419,-0.06247820382932419,-0.06247820382932419,-0.06247820382932419,-0.06247820382932419,-0.06247820382932419,-0.06247820382932419,-0.06247820382932419,-0.06247820382932419,-0.06247820382932419,-0.06247820382932419,-0.06247820382932419,-0.06247820382932419,-0.06247820382932419,-0.06247820382932419,-0.06247820382932419,-0.06247820382932419,-0.06247820382932419,-0.06247820382932419,-0.06247820382932419,-0.06247820382932419,-0.06247820382932419,-0.06247820382932419,-0.06247820382932419,-0.06247820382932419,-0.06247820382932419,-0.06247820382932419,-0.06247820382932419,-0.06247820382932419,-0.06247820382932419,-0.06247820382932419,-0.06247820382932419,-0.06247820382932419,-0.06247820382932419,-0.06247820382932419,-0.06247820382932419,-0.06247820382932419,-0.06247820382932419,-0.06247820382932419,-0.06247820382932419,-0.06247820382932419,-0.06247820382932419
bspl4.9,-0.04669325694351792,-0.04669325694351792,-0.04669325694351792,-0.04669325694351792,-0.04669325694351792,-0.04669325694351792,-0.04669325694351792,-0.04669325694351792,-0.04669325694351792,-0.04669325694351792,-0.04669325694351792,-0.04669325694351792,-0.04669325694351792,-0.04669325694351792,-0.04669325694351792,-0.04669325694351792,-0.04669325694351792,-0.04669325694351792,-0.04669325694351792,-0.04669325694351792,-0.04669325694351792,-0.04669325694351792,-0.04669325694351792,-0.04669325694351792,-0.04669325694351792,-0.04669325694351792,-0.04669325694351792,-0.04669325694351792,-0.04669325694351792,-0.04669325694351792,-0.04669325694351792,-0.04669325694351792,-0.04669325694351792,-0.04669325694351792,-0.04669325694351792,-0.04669325694351792,-0.04669325694351792,-0.04669325694351792,-0.04669325694351792,-0.04669325694351792,-0.04669325694351792,-0.04669325694351792,-0.04669325694351792,-0.04669325694351792,-0.04669325694351792,-0.04669325694351792,-0.04669325694351792,-0.04669325694351792,-0.04669325694351792,-0.04669325694351792
bspl4.10,-0.059708528098651154,-0.059708528098651154,-0.059708528098651154,-0.059708528098651154,-0.059708528098651154,-0.059708528098651154,-0.059708528098651154,-0.059708528098651154,-0.059708528098651154,-0.059708528098651154,-0.059708528098651154,-0.059708528098651154,-0.059708528098651154,-0.059708528098651154,-0.059708528098651154,-0.059708528098651154,-0.059708528098651154,-0.059708528098651154,-0.059708528098651154,-0.059708528098651154,-0.059708528098651154,-0.059708528098651154,-0.059708528098651154,-0.059708528098651154,-0.059708528098651154,-0.059708528098651154,-0.059708528098651154,-0.059708528098651154,-0.059708528098651154,-0.059708528098651154,-0.059708528098651154,-0.059708528098651154,-0.059708528098651154,-0.059708528098651154,-0.059708528098651154,-0.059708528098651154,-0.059708528098651154,-0.059708528098651154,-0.059708528098651154,-0.059708528098651154,-0.059708528098651154,-0.059708528098651154,-0.059708528098651154,-0.059708528098651154,-0.059708528098651154,-0.059708528098651154,-0.059708528098651154,-0.059708528098651154,-0.059708528098651154,-0.059708528098651154
bspl4.11,-0.06455872457035683,-0.06455872457035683,-0.06455872457035683,-0.06455872457035683,-0.06455872457035683,-0.06455872457035683,-0.06455872457035683,-0.06455872457035683,-0.06455872457035683,-0.06455872457035683,-0.06455872457035683,-0.06455872457035683,-0.06455872457035683,-0.06455872457035683,-0.06455872457035683,-0.06455872457035683,-0.06455872457035683,-0.06455872457035683,-0.06455872457035683,-0.06455872457035683,-0.06455872457035683,-0.06455872457035683,-0.06455872457035683,-0.06455872457035683,-0.06455872457035683,-0.06455872457035683,-0.06455872457035683,-0.06455872457035683,-0.06455872457035683,-0.06455872457035683,-0.06455872457035683,-0.06455872457035683,-0.06455872457035683,-0.06455872457035683,-0.06455872457035683,-0.06455872457035683,-0.06455872457035683,-0.06455872457035683,-0.06455872457035683,-0.06455872457035683,-0.06455872457035683,-0.06455872457035683,-0.06455872457035683,-0.06455872457035683,-0.06455872457035683,-0.06455872457035683,-0.06455872457035683,-0.06455872457035683,-0.06455872457035683,-0.06455872457035683
bspl4.12,-0.058340977205691126,-0.058340977205691126,-0.058340977205691126,-0.058340977205691126,-0.058340977205691126,-0.058340977205691126,-0.058340977205691126,-0.058340977205691126,-0.058340977205691126,-0.058340977205691126,-0.058340977205691126,-0.058340977205691126,-0.058340977205691126,-0.058340977205691126,-0.058340977205691126,-0.058340977205691126,-0.058340977205691126,-0.058340977205691126,-0.058340977205691126,-0.058340977205691126,-0.058340977205691126,-0.058340977205691126,-0.058340977205691126,-0.058340977205691126,-0.058340977205691126,-0.058340977205691126,-0.058340977205691126,-0.058340977205691126,-0.058340977205691126,-0.058340977205691126,-0.058340977205691126,-0.058340977205691126,-0.058340977205691126,-0.058340977205691126,-0.058340977205691126,-0.058340977205691126,-0.058340977205691126,-0.058340977205691126,-0.058340977205691126,-0.058340977205691126,-0.058340977205691126,-0.058340977205691126,-0.058340977205691126,-0.058340977205691126,-0.058340977205691126,-0.058340977205691126,-0.058340977205691126,-0.058340977205691126,-0.058340977205691126,-0.058340977205691126
bspl4.13,-0.08079612156294046,-0.08079612156294046,-0.08079612156294046,-0.08079612156294046,-0.08079612156294046,-0.08079612156294046,-0.08079612156294046,-0.08079612156294046,-0.08079612156294046,-0.08079612156294046,-0.08079612156294046,-0.08079612156294046,-0.08079612156294046,-0.08079612156294046,-0.08079612156294046,-0.08079612156294046,-0.08079612156294046,-0.08079612156294046,-0.08079612156294046,-0.08079612156294046,-0.08079612156294046,-0.08079612156294046,-0.08079612156294046,-0.08079612156294046,-0.08079612156294046,-0.08079612156294046,-0.08079612156294046,-0.08079612156294046,-0.08079612156294046,-0.08079612156294046,-0.08079612156294046,-0.08079612156294046,-0.08079612156294046,-0.08079612156294046,-0.08079612156294046,-0.08079612156294046,-0.08079612156294046,-0.08079612156294046,-0.08079612156294046,-0.08079612156294046,-0.08079612156294046,-0.08079612156294046,-0.08079612156294046,-0.08079612156294046,-0.08079612156294046,-0.08079612156294046,-0.08079612156294046,-0.08079612156294046,-0.08079612156294046,-0.08079612156294046
bspl4.14,-0.04700413401156131,-0.04700413401156131,-0.04700413401156131,-0.04700413401156131,-0.04700413401156131,-0.04700413401156131,-0.04700413401156131,-0.04700413401156131,-0.04700413401156131,-0.04700413401156131,-0.04700413401156131,-0.04700413401156131,-0.04700413401156131,-0.04700413401156131,-0.04700413401156131,-0.04700413401156131,-0.04700413401156131,-0.04700413401156131,-0.04700413401156131,-0.04700413401156131,-0.04700413401156131,-0.04700413401156131,-0.04700413401156131,-0.04700413401156131,-0.04700413401156131,-0.04700413401156131,-0.04700413401156131,-0.04700413401156131,-0.04700413401156131,-0.04700413401156131,-0.04700413401156131,-0.04700413401156131,-0.04700413401156131,-0.04700413401156131,-0.04700413401156131,-0.04700413401156131,-0.04700413401156131,-0.04700413401156131,-0.04700413401156131,-0.04700413401156131,-0.04700413401156131,-0.04700413401156131,-0.04700413401156131,-0.04700413401156131,-0.04700413401156131,-0.04700413401156131,-0.04700413401156131,-0.04700413401156131,-0.04700413401156131,-0.04700413401156131
bspl4.15,-0.09200546619946458,-0.09200546619946458,-0.09200546619946458,-0.09200546619946458,-0.09200546619946458,-0.09200546619946458,-0.09200546619946458,-0.09200546619946458,-0.09200546619946458,-0.09200546619946458,-0.09200546619946458,-0.09200546619946458,-0.09200546619946458,-0.09200546619946458,-0.09200546619946458,-0.09200546619946458,-0.09200546619946458,-0.09200546619946458,-0.09200546619946458,-0.09200546619946458,-0.09200546619946458,-0.09200546619946458,-0.09200546619946458,-0.09200546619946458,-0.09200546619946458,-0.09200546619946458,-0.09200546619946458,-0.09200546619946458,-0.09200546619946458,-0.09200546619946458,-0.09200546619946458,-0.09200546619946458,-0.09200546619946458,-0.09200546619946458,-0.09200546619946458,-0.09200546619946458,-0.09200546619946458,-0.09200546619946458,-0.09200546619946458,-0.09200546619946458,-0.09200546619946458,-0.09200546619946458,-0.09200546619946458,-0.09200546619946458,-0.09200546619946458,-0.09200546619946458,-0.09200546619946458,-0.09200546619946458,-0.09200546619946458,-0.09200546619946458
bspl4.16,0.09436847067341535,0.11116493970771497,0.09436847067341535,0.100046168027544,0.11700924997898338,0.11116493970771497,0.11700924997898338,0.11700924997898338,0.11700924997898338,0.11116493970771497,0.10522511621743996,0.11700924997898338,0.10466736237700103,0.11700924997898338,0.09474930486166555,0.10466736237700103,0.10466736237700103,0.10466736237700103,0.10466736237700103,0.10466736237700103,0.10466736237700103,0.10466736237700103,0.10466736237700103,0.10466736237700103,0.10466736237700103,0.09436847067341535,0.09436847067341535,0.09436847067341535,0.1100099873970494,0.09474930486166555,0.11116493970771497,0.1100099873970494,0.11116493970771497,0.11700924997898338,0.11116493970771497,0.11116493970771497,0.09474930486166555,0.11700924997898338,0.11116493970771497,0.1100099873970494,0.11700924997898338,0.11700924997898338,0.1100099873970494,0.10522511621743996,0.09436847067341535,0.09436847067341535,0.10466736237700103,0.10466736237700103,0.11700924997898338,0.10466736237700103
bspl4.17,0.2253481662143499,0.2253481662143499,0.2253481662143499,0.2253481662143499,0.2253481662143499,0.2253481662143499,0.2253481662143499,0.2253481662143499,0.2253481662143499,0.2253481662143499,0.2253481662143499,0.2253481662143499,0.2253481662143499,0.2253481662143499,0.2253481662143499,0.2253481662143499,0.2253481662143499,0.2253481662143499,0.2253481662143499,0.2253481662143499,0.2253481662143499,0.2253481662143499,0.2253481662143499,0.2253481662143499,0.2253481662143499,0.2253481662143499,0.2253481662143499,0.2253481662143499,0.2253481662143499,0.2253481662143499,0.2253481662143499,0.2253481662143499,0.2253481662143499,0.2253481662143499,0.2253481662143499,0.2253481662143499,0.2253481662143499,0.2253481662143499,0.2253481662143499,0.2253481662143499,0.2253481662143499,0.2253481662143499,0.2253481662143499,0.2253481662143499,0.2253481662143499,0.2253481662143499,0.2253481662143499,0.2253481662143499,0.2253481662143499,0.2253481662143499
bspl4.18,0.06113641377503706,0.0477225949099396,0.06113641377503706,0.06113641377503706,0.0477225949099396,0.0477225949099396,0.0477225949099396,0.0477225949099396,0.0477225949099396,0.0477225949099396,0.04892979758984791,0.0477225949099396,0.06113641377503706,0.0477225949099396,0.06113641377503706,0.05078472591348915,0.05078472591348915,0.05078472591348915,0.04892979758984791,0.05078472591348915,0.050925779565075095,0.0533844584404968,0.05232042905546269,0.050925779565075095,0.050925779565075095,0.06113641377503706,0.06113641377503706,0.06113641377503706,0.0477225949099396,0.06113641377503706,0.0477225949099396,0.0477225949099396,0.0477225949099396,0.0477225949099396,0.0477225949099396,0.0477225949099396,0.06113641377503706,0.0477225949099396,0.0477225949099396,0.0477225949099396,0.0477225949099396,0.0477225949099396,0.0477225949099396,0.04892979758984791,0.06113641377503706,0.06113641377503706,0.04892979758984791,0.050925779565075095,0.0477225949099396,0.05078472591348915
bspl4.19,0.614257170794851,0.614257170794851,0.614257170794851,0.614257170794851,0.614257170794851,0.614257170794851,0.614257170794851,0.614257170794851,0.614257170794851,0.614257170794851,0.614257170794851,0.614257170794851,0.614257170794851,0.614257170794851,0.614257170794851,0.614257170794851,0.614257170794851,0.614257170794851,0.614257170794851,0.614257170794851,0.614257170794851,0.614257170794851,0.614257170794851,0.614257170794851,0.614257170794851,0.614257170794851,0.614257170794851,0.614257170794851,0.614257170794851,0.614257170794851,0.614257170794851,0.614257170794851,0.614257170794851,0.614257170794851,0.614257170794851,0.614257170794851,0.614257170794851,0.614257170794851,0.614257170794851,0.614257170794851,0.614257170794851,0.614257170794851,0.614257170794851,0.614257170794851,0.614257170794851,0.614257170794851,0.614257170794851,0.614257170794851,0.614257170794851,0.614257170794851
bspl4.20,0.2936579443773649,0.2412662088593767,0.2936579443773649,0.28928601765440953,0.2412662088593767,0.2412662088593767,0.2412662088593767,0.2412662088593767,0.2412662088593767,0.24393646450877246,0.2544725092434717,0.2412662088593767,0.28630957578459304,0.2412662088593767,0.28928601765440953,0.2626469198035958,0.2626469198035958,0.2626469198035958,0.2544725092434717,0.2626469198035958,0.2626469198035958,0.27112295984478507,0.267133105611552,0.2626469198035958,0.263975493708674,0.2936579443773649,0.2936579443773649,0.2936579443773649,0.24393646450877246,0.29155083828534206,0.2412662088593767,0.24393646450877246,0.2412662088593767,0.2412662088593767,0.2412662088593767,0.24393646450877246,0.29155083828534206,0.2412662088593767,0.2412662088593767,0.24393646450877246,0.2412662088593767,0.2412662088593767,0.24393646450877246,0.2544725092434717,0.2936579443773649,0.2936579443773649,0.25795403226943003,0.2626469198035958,0.2412662088593767,0.2626469198035958
bspl4.21,0.13338601788782498,0.12234515753721932,0.13338601788782498,0.13338601788782498,0.12234515753721932,0.12234515753721932,0.12234515753721932,0.12234515753721932,0.12234515753721932,0.12234515753721932,0.12659086736020433,0.12234515753721932,0.13338601788782498,0.12234515753721932,0.13338601788782498,0.12707493543037018,0.12659086736020433,0.12707493543037018,0.12659086736020433,0.12707493543037018,0.12707493543037018,0.13078304344000452,0.13078304344000452,0.12707493543037018,0.129209069431835,0.13338601788782498,0.13338601788782498,0.13338601788782498,0.12234515753721932,0.13338601788782498,0.12234515753721932,0.12234515753721932,0.12234515753721932,0.12234515753721932,0.12234515753721932,0.12234515753721932,0.13338601788782498,0.12234515753721932,0.12234515753721932,0.12234515753721932,0.12234515753721932,0.12234515753721932,0.12234515753721932,0.12659086736020433,0.13338601788782498,0.13338601788782498,0.12659086736020433,0.12707493543037018,0.12234515753721932,0.12659086736020433
bspl4.22,-0.0006708127175607842,-0.0006708127175607842,-0.0006708127175607842,-0.0006708127175607842,-0.0006708127175607842,-0.0006708127175607842,-0.0006708127175607842,-0.0006708127175607842,-0.0006708127175607842,-0.0006708127175607842,-0.0006708127175607842,-0.0006708127175607842,-0.0006708127175607842,-0.0006708127175607842,-0.0006708127175607842,-0.0006708127175607842,-0.0006708127175607842,-0.0006708127175607842,-0.0006708127175607842,-0.0006708127175607842,-0.0006708127175607842,-0.0006708127175607842,-0.0006708127175607842,-0.0006708127175607842,-0.0006708127175607842,-0.0006708127175607842,-0.0006708127175607842,-0.0006708127175607842,-0.0006708127175607842,-0.0006708127175607842,-0.0006708127175607842,-0.0006708127175607842,-0.0006708127175607842,-0.0006708127175607842,-0.0006708127175607842,-0.0006708127175607842,-0.0006708127175607842,-0.0006708127175607842,-0.0006708127175607842,-0.0006708127175607842,-0.0006708127175607842,-0.0006708127175607842,-0.0006708127175607842,-0.0006708127175607842,-0.0006708127175607842,-0.0006708127175607842,-0.0006708127175607842,-0.0006708127175607842,-0.0006708127175607842,-0.0006708127175607842
bspl4.23,-0.011070494171808568,-0.011070494171808568,-0.011070494171808568,-0.011070494171808568,-0.011070494171808568,-0.011070494171808568,-0.011070494171808568,-0.011070494171808568,-0.011070494171808568,-0.011070494171808568,-0.011070494171808568,-0.011070494171808568,-0.011070494171808568,-0.011070494171808568,-0.011070494171808568,-0.011070494171808568,-0.011070494171808568,-0.011070494171808568,-0.011070494171808568,-0.011070494171808568,-0.011070494171808568,-0.011070494171808568,-0.011070494171808568,-0.011070494171808568,-0.011070494171808568,-0.011070494171808568,-0.011070494171808568,-0.011070494171808568,-0.011070494171808568,-0.011070494171808568,-0.011070494171808568,-0.011070494171808568,-0.011070494171808568,-0.011070494171808568,-0.011070494171808568,-0.011070494171808568,-0.011070494171808568,-0.011070494171808568,-0.011070494171808568,-0.011070494171808568,-0.011070494171808568,-0.011070494171808568,-0.011070494171808568,-0.011070494171808568,-0.011070494171808568,-0.011070494171808568,-0.011070494171808568,-0.011070494171808568,-0.011070494171808568,-0.011070494171808568
bspl4.24,-0.054141881140687256,-0.054141881140687256,-0.054141881140687256,-0.054141881140687256,-0.054141881140687256,-0.054141881140687256,-0.054141881140687256,-0.054141881140687256,-0.054141881140687256,-0.054141881140687256,-0.054141881140687256,-0.054141881140687256,-0.054141881140687256,-0.054141881140687256,-0.054141881140687256,-0.054141881140687256,-0.054141881140687256,-0.054141881140687256,-0.054141881140687256,-0.054141881140687256,-0.054141881140687256,-0.054141881140687256,-0.054141881140687256,-0.054141881140687256,-0.054141881140687256,-0.054141881140687256,-0.054141881140687256,-0.054141881140687256,-0.054141881140687256,-0.054141881140687256,-0.054141881140687256,-0.054141881140687256,-0.054141881140687256,-0.054141881140687256,-0.054141881140687256,-0.054141881140687256,-0.054141881140687256,-0.054141881140687256,-0.054141881140687256,-0.054141881140687256,-0.054141881140687256,-0.054141881140687256,-0.054141881140687256,-0.054141881140687256,-0.054141881140687256,-0.054141881140687256,-0.054141881140687256,-0.054141881140687256,-0.054141881140687256,-0.054141881140687256
bspl4.25,-0.03440063098464183,-0.03440063098464183,-0.03440063098464183,-0.03440063098464183,-0.03440063098464183,-0.03440063098464183,-0.03440063098464183,-0.03440063098464183,-0.03440063098464183,-0.03440063098464183,-0.03440063098464183,-0.03440063098464183,-0.03440063098464183,-0.03440063098464183,-0.03440063098464183,-0.03440063098464183,-0.03440063098464183,-0.03440063098464183,-0.03440063098464183,-0.03440063098464183,-0.03440063098464183,-0.03440063098464183,-0.03440063098464183,-0.03440063098464183,-0.03440063098464183,-0.03440063098464183,-0.03440063098464183,-0.03440063098464183,-0.03440063098464183,-0.03440063098464183,-0.03440063098464183,-0.03440063098464183,-0.03440063098464183,-0.03440063098464183,-0.03440063098464183,-0.03440063098464183,-0.03440063098464183,-0.03440063098464183,-0.03440063098464183,-0.03440063098464183,-0.03440063098464183,-0.03440063098464183,-0.03440063098464183,-0.03440063098464183,-0.03440063098464183,-0.03440063098464183,-0.03440063098464183,-0.03440063098464183,-0.03440063098464183,-0.03440063098464183
bspl4.26,-0.055953881233866375,-0.055953881233866375,-0.055953881233866375,-0.055953881233866375,-0.055953881233866375,-0.055953881233866375,-0.055953881233866375,-0.055953881233866375,-0.055953881233866375,-0.055953881233866375,-0.055953881233866375,-0.055953881233866375,-0.055953881233866375,-0.055953881233866375,-0.055953881233866375,-0.055953881233866375,-0.055953881233866375,-0.055953881233866375,-0.055953881233866375,-0.055953881233866375,-0.055953881233866375,-0.055953881233866375,-0.055953881233866375,-0.055953881233866375,-0.055953881233866375,-0.055953881233866375,-0.055953881233866375,-0.055953881233866375,-0.055953881233866375,-0.055953881233866375,-0.055953881233866375,-0.055953881233866375,-0.055953881233866375,-0.055953881233866375,-0.055953881233866375,-0.055953881233866375,-0.055953881233866375,-0.055953881233866375,-0.055953881233866375,-0.055953881233866375,-0.055953881233866375,-0.055953881233866375,-0.055953881233866375,-0.055953881233866375,-0.055953881233866375,-0.055953881233866375,-0.055953881233866375,-0.055953881233866375,-0.055953881233866375,-0.055953881233866375
bspl4.27,-0.024341762991823064,-0.024341762991823064,-0.024341762991823064,-0.024341762991823064,-0.024341762991823064,-0.024341762991823064,-0.024341762991823064,-0.024341762991823064,-0.024341762991823064,-0.024341762991823064,-0.024341762991823064,-0.024341762991823064,-0.024341762991823064,-0.024341762991823064,-0.024341762991823064,-0.024341762991823064,-0.024341762991823064,-0.024341762991823064,-0.024341762991823064,-0.024341762991823064,-0.024341762991823064,-0.024341762991823064,-0.024341762991823064,-0.024341762991823064,-0.024341762991823064,-0.024341762991823064,-0.024341762991823064,-0.024341762991823064,-0.024341762991823064,-0.024341762991823064,-0.024341762991823064,-0.024341762991823064,-0.024341762991823064,-0.024341762991823064,-0.024341762991823064,-0.024341762991823064,-0.024341762991823064,-0.024341762991823064,-0.024341762991823064,-0.024341762991823064,-0.024341762991823064,-0.024341762991823064,-0.024341762991823064,-0.024341762991823064,-0.024341762991823064,-0.024341762991823064,-0.024341762991823064,-0.024341762991823064,-0.024341762991823064,-0.024341762991823064
bspl4.28,-0.05510720921749731,-0.05510720921749731,-0.05510720921749731,-0.05510720921749731,-0.05510720921749731,-0.05510720921749731,-0.05510720921749731,-0.05510720921749731,-0.05510720921749731,-0.05510720921749731,-0.05510720921749731,-0.05510720921749731,-0.05510720921749731,-0.05510720921749731,-0.05510720921749731,-0.05510720921749731,-0.05510720921749731,-0.05510720921749731,-0.05510720921749731,-0.05510720921749731,-0.05510720921749731,-0.05510720921749731,-0.05510720921749731,-0.05510720921749731,-0.05510720921749731,-0.05510720921749731,-0.05510720921749731,-0.05510720921749731,-0.05510720921749731,-0.05510720921749731,-0.05510720921749731,-0.05510720921749731,-0.05510720921749731,-0.05510720921749731,-0.05510720921749731,-0.05510720921749731,-0.05510720921749731,-0.05510720921749731,-0.05510720921749731,-0.05510720921749731,-0.05510720921749731,-0.05510720921749731,-0.05510720921749731,-0.05510720921749731,-0.05510720921749731,-0.05510720921749731,-0.05510720921749731,-0.05510720921749731,-0.05510720921749731,-0.05510720921749731
bspl4.29,0.11513230957169901,0.11605407038422423,0.11513230957169901,0.11513230957169901,0.11605407038422423,0.11605407038422423,0.11605407038422423,0.11605407038422423,0.11605407038422423,0.11605407038422423,0.11605407038422423,0.11605407038422423,0.11513230957169901,0.11605407038422423,0.11513230957169901,0.11513230957169901,0.11513230957169901,0.11513230957169901,0.11513230957169901,0.11513230957169901,0.11513230957169901,0.11513230957169901,0.11513230957169901,0.11513230957169901,0.11513230957169901,0.11513230957169901,0.11513230957169901,0.11513230957169901,0.11605407038422423,0.11513230957169901,0.11605407038422423,0.11605407038422423,0.11605407038422423,0.11605407038422423,0.11605407038422423,0.11605407038422423,0.11513230957169901,0.11605407038422423,0.11605407038422423,0.11605407038422423,0.11605407038422423,0.11605407038422423,0.11605407038422423,0.11513230957169901,0.11513230957169901,0.11513230957169901,0.11513230957169901,0.11513230957169901,0.11605407038422423,0.11513230957169901
bspl4.30,0.3298773261954928,0.3298773261954928,0.3298773261954928,0.3298773261954928,0.3298773261954928,0.3298773261954928,0.3298773261954928,0.3298773261954928,0.3298773261954928,0.3298773261954928,0.3298773261954928,0.3298773261954928,0.3298773261954928,0.3298773261954928,0.3298773261954928,0.3298773261954928,0.3298773261954928,0.3298773261954928,0.3298773261954928,0.3298773261954928,0.3298773261954928,0.3298773261954928,0.3298773261954928,0.3298773261954928,0.3298773261954928,0.3298773261954928,0.3298773261954928,0.3298773261954928,0.3298773261954928,0.3298773261954928,0.3298773261954928,0.3298773261954928,0.3298773261954928,0.3298773261954928,0.3298773261954928,0.3298773261954928,0.3298773261954928,0.3298773261954928,0.3298773261954928,0.3298773261954928,0.3298773261954928,0.3298773261954928,0.3298773261954928,0.3298773261954928,0.3298773261954928,0.3298773261954928,0.3298773261954928,0.3298773261954928,0.3298773261954928,0.3298773261954928
bspl4.31,0.39124204824970676,0.39124204824970676,0.39124204824970676,0.39124204824970676,0.39124204824970676,0.39124204824970676,0.39124204824970676,0.39124204824970676,0.39124204824970676,0.39124204824970676,0.39124204824970676,0.39124204824970676,0.39124204824970676,0.39124204824970676,0.39124204824970676,0.39124204824970676,0.39124204824970676,0.39124204824970676,0.39124204824970676,0.39124204824970676,0.39124204824970676,0.39124204824970676,0.39124204824970676,0.39124204824970676,0.39124204824970676,0.39124204824970676,0.39124204824970676,0.39124204824970676,0.39124204824970676,0.39124204824970676,0.39124204824970676,0.39124204824970676,0.39124204824970676,0.39124204824970676,0.39124204824970676,0.39124204824970676,0.39124204824970676,0.39124204824970676,0.39124204824970676,0.39124204824970676,0.39124204824970676,0.39124204824970676,0.39124204824970676,0.39124204824970676,0.39124204824970676,0.39124204824970676,0.39124204824970676,0.39124204824970676,0.39124204824970676,0.39124204824970676
bspl4.32,0.27879389329361504,0.2735656012497622,0.27879389329361504,0.27879389329361504,0.2735656012497622,0.2735656012497622,0.2735656012497622,0.2735656012497622,0.2735656012497622,0.2735656012497622,0.27374184171138827,0.2735656012497622,0.27879389329361504,0.2735656012497622,0.27879389329361504,0.2742797312428722,0.2742797312428722,0.2742797312428722,0.27374184171138827,0.2742797312428722,0.2742797312428722,0.275503481205076,0.275503481205076,0.2742797312428722,0.2742797312428722,0.27879389329361504,0.27879389329361504,0.27879389329361504,0.2735656012497622,0.27879389329361504,0.2735656012497622,0.2735656012497622,0.2735656012497622,0.2735656012497622,0.2735656012497622,0.2735656012497622,0.27879389329361504,0.2735656012497622,0.2735656012497622,0.2735656012497622,0.2735656012497622,0.2735656012497622,0.2735656012497622,0.27374184171138827,0.27879389329361504,0.27879389329361504,0.27374184171138827,0.2742797312428722,0.2735656012497622,0.2742797312428722
bspl4.33,0.19289016782380705,0.18591156777386378,0.19289016782380705,0.19289016782380705,0.18591156777386378,0.18591156777386378,0.18591156777386378,0.18591156777386378,0.18591156777386378,0.18591156777386378,0.1870722720763948,0.18591156777386378,0.19289016782380705,0.18591156777386378,0.19289016782380705,0.18718039815054274,0.18718039815054274,0.18718039815054274,0.1870722720763948,0.18718039815054274,0.18718039815054274,0.1892923643391165,0.1892923643391165,0.18718039815054274,0.187399578276203,0.19289016782380705,0.19289016782380705,0.19289016782380705,0.18591156777386378,0.19289016782380705,0.18591156777386378,0.18591156777386378,0.18591156777386378,0.18591156777386378,0.18591156777386378,0.18591156777386378,0.19289016782380705,0.18591156777386378,0.18591156777386378,0.18591156777386378,0.18591156777386378,0.18591156777386378,0.18591156777386378,0.1870722720763948,0.19289016782380705,0.19289016782380705,0.1870722720763948,0.18718039815054274,0.18591156777386378,0.18718039815054274
bspl4.34,0.17033737160917262,0.17033737160917262,0.17033737160917262,0.17033737160917262,0.17033737160917262,0.17033737160917262,0.17033737160917262,0.17033737160917262,0.17033737160917262,0.17033737160917262,0.17033737160917262,0.17033737160917262,0.17033737160917262,0.17033737160917262,0.17033737160917262,0.17033737160917262,0.17033737160917262,0.17033737160917262,0.17033737160917262,0.17033737160917262,0.17033737160917262,0.17033737160917262,0.17033737160917262,0.17033737160917262,0.17033737160917262,0.17033737160917262,0.17033737160917262,0.17033737160917262,0.17033737160917262,0.17033737160917262,0.17033737160917262,0.17033737160917262,0.17033737160917262,0.17033737160917262,0.17033737160917262,0.17033737160917262,0.17033737160917262,0.17033737160917262,0.17033737160917262,0.17033737160917262,0.17033737160917262,0.17033737160917262,0.17033737160917262,0.17033737160917262,0.17033737160917262,0.17033737160917262,0.17033737160917262,0.17033737160917262,0.17033737160917262,0.17033737160917262
bspl4.35,0.07794392984312364,0.07778824948435331,0.07794392984312364,0.07794392984312364,0.07778824948435331,0.07778824948435331,0.07778824948435331,0.07778824948435331,0.07778824948435331,0.07778824948435331,0.07778824948435331,0.07778824948435331,0.07794392984312364,0.07778824948435331,0.07794392984312364,0.07778824948435331,0.07778824948435331,0.07778824948435331,0.07778824948435331,0.07778824948435331,0.07778824948435331,0.07778824948435331,0.07778824948435331,0.07778824948435331,0.07778824948435331,0.07794392984312364,0.07794392984312364,0.07794392984312364,0.07778824948435331,0.07794392984312364,0.07778824948435331,0.07778824948435331,0.07778824948435331,0.07778824948435331,0.07778824948435331,0.07778824948435331,0.07794392984312364,0.07778824948435331,0.07778824948435331,0.07778824948435331,0.07778824948435331,0.07778824948435331,0.07778824948435331,0.07778824948435331,0.07794392984312364,0.07794392984312364,0.07778824948435331,0.07778824948435331,0.07778824948435331,0.07778824948435331
bspl4.36,0.08792616358758937,0.08792616358758937,0.08792616358758937,0.08792616358758937,0.08792616358758937,0.08792616358758937,0.08792616358758937,0.08792616358758937,0.08792616358758937,0.08792616358758937,0.08792616358758937,0.08792616358758937,0.08792616358758937,0.08792616358758937,0.08792616358758937,0.08792616358758937,0.08792616358758937,0.08792616358758937,0.08792616358758937,0.08792616358758937,0.08792616358758937,0.08792616358758937,0.08792616358758937,0.08792616358758937,0.08792616358758937,0.08792616358758937,0.08792616358758937,0.08792616358758937,0.08792616358758937,0.08792616358758937,0.08792616358758937,0.08792616358758937,0.08792616358758937,0.08792616358758937,0.08792616358758937,0.08792616358758937,0.08792616358758937,0.08792616358758937,0.08792616358758937,0.08792616358758937,0.08792616358758937,0.08792616358758937,0.08792616358758937,0.08792616358758937,0.08792616358758937,0.08792616358758937,0.08792616358758937,0.08792616358758937,0.08792616358758937,0.08792616358758937
bspl4.37,0.049323061226441346,0.049323061226441346,0.049323061226441346,0.049323061226441346,0.049323061226441346,0.049323061226441346,0.049323061226441346,0.049323061226441346,0.049323061226441346,0.049323061226441346,0.049323061226441346,0.049323061226441346,0.049323061226441346,0.049323061226441346,0.049323061226441346,0.049323061226441346,0.049323061226441346,0.049323061226441346,0.049323061226441346,0.049323061226441346,0.049323061226441346,0.049323061226441346,0.049323061226441346,0.049323061226441346,0.049323061226441346,0.049323061226441346,0.049323061226441346,0.049323061226441346,0.049323061226441346,0.049323061226441346,0.049323061226441346,0.049323061226441346,0.049323061226441346,0.049323061226441346,0.049323061226441346,0.049323061226441346,0.049323061226441346,0.049323061226441346,0.049323061226441346,0.049323061226441346,0.049323061226441346,0.049323061226441346,0.049323061226441346,0.049323061226441346,0.049323061226441346,0.049323061226441346,0.049323061226441346,0.049323061226441346,0.049323061226441346,0.049323061226441346
bspl4.38,0.004913212796888724,0.004913212796888724,0.004913212796888724,0.004913212796888724,0.004913212796888724,0.004913212796888724,0.004913212796888724,0.004913212796888724,0.004913212796888724,0.004913212796888724,0.004913212796888724,0.004913212796888724,0.004913212796888724,0.004913212796888724,0.004913212796888724,0.004913212796888724,0.004913212796888724,0.004913212796888724,0.004913212796888724,0.004913212796888724,0.004913212796888724,0.004913212796888724,0.004913212796888724,0.004913212796888724,0.004913212796888724,0.004913212796888724,0.004913212796888724,0.004913212796888724,0.004913212796888724,0.004913212796888724,0.004913212796888724,0.004913212796888724,0.004913212796888724,0.004913212796888724,0.004913212796888724,0.004913212796888724,0.004913212796888724,0.004913212796888724,0.004913212796888724,0.004913212796888724,0.004913212796888724,0.004913212796888724,0.004913212796888724,0.004913212796888724,0.004913212796888724,0.004913212796888724,0.004913212796888724,0.004913212796888724,0.004913212796888724,0.004913212796888724
bspl4.39,-0.010469983003459473,-0.010469983003459473,-0.010469983003459473,-0.010469983003459473,-0.010469983003459473,-0.010469983003459473,-0.010469983003459473,-0.010469983003459473,-0.010469983003459473,-0.010469983003459473,-0.010469983003459473,-0.010469983003459473,-0.010469983003459473,-0.010469983003459473,-0.010469983003459473,-0.010469983003459473,-0.010469983003459473,-0.010469983003459473,-0.010469983003459473,-0.010469983003459473,-0.010469983003459473,-0.010469983003459473,-0.010469983003459473,-0.010469983003459473,-0.010469983003459473,-0.010469983003459473,-0.010469983003459473,-0.010469983003459473,-0.010469983003459473,-0.010469983003459473,-0.010469983003459473,-0.010469983003459473,-0.010469983003459473,-0.010469983003459473,-0.010469983003459473,-0.010469983003459473,-0.010469983003459473,-0.010469983003459473,-0.010469983003459473,-0.010469983003459473,-0.010469983003459473,-0.010469983003459473,-0.010469983003459473,-0.010469983003459473,-0.010469983003459473,-0.010469983003459473,-0.010469983003459473,-0.010469983003459473,-0.010469983003459473,-0.010469983003459473
bspl4.40,-0.029256304968187995,-0.029256304968187995,-0.029256304968187995,-0.029256304968187995,-0.029256304968187995,-0.029256304968187995,-0.029256304968187995,-0.029256304968187995,-0.029256304968187995,-0.029256304968187995,-0.029256304968187995,-0.029256304968187995,-0.029256304968187995,-0.029256304968187995,-0.029256304968187995,-0.029256304968187995,-0.029256304968187995,-0.029256304968187995,-0.029256304968187995,-0.029256304968187995,-0.029256304968187995,-0.029256304968187995,-0.029256304968187995,-0.029256304968187995,-0.029256304968187995,-0.029256304968187995,-0.029256304968187995,-0.029256304968187995,-0.029256304968187995,-0.029256304968187995,-0.029256304968187995,-0.029256304968187995,-0.029256304968187995,-0.029256304968187995,-0.029256304968187995,-0.029256304968187995,-0.029256304968187995,-0.029256304968187995,-0.029256304968187995,-0.029256304968187995,-0.029256304968187995,-0.029256304968187995,-0.029256304968187995,-0.029256304968187995,-0.029256304968187995,-0.029256304968187995,-0.029256304968187995,-0.029256304968187995,-0.029256304968187995,-0.029256304968187995
bspl4.41,-0.014716660152180656,-0.014716660152180656,-0.014716660152180656,-0.014716660152180656,-0.014716660152180656,-0.014716660152180656,-0.014716660152180656,-0.014716660152180656,-0.014716660152180656,-0.014716660152180656,-0.014716660152180656,-0.014716660152180656,-0.014716660152180656,-0.014716660152180656,-0.014716660152180656,-0.014716660152180656,-0.014716660152180656,-0.014716660152180656,-0.014716660152180656,-0.014716660152180656,-0.014716660152180656,-0.014716660152180656,-0.014716660152180656,-0.014716660152180656,-0.014716660152180656,-0.014716660152180656,-0.014716660152180656,-0.014716660152180656,-0.014716660152180656,-0.014716660152180656,-0.014716660152180656,-0.014716660152180656,-0.014716660152180656,-0.014716660152180656,-0.014716660152180656,-0.014716660152180656,-0.014716660152180656,-0.014716660152180656,-0.014716660152180656,-0.014716660152180656,-0.014716660152180656,-0.014716660152180656,-0.014716660152180656,-0.014716660152180656,-0.014716660152180656,-0.014716660152180656,-0.014716660152180656,-0.014716660152180656,-0.014716660152180656,-0.014716660152180656
bspl4.42,-0.023824594502445638,-0.023824594502445638,-0.023824594502445638,-0.023824594502445638,-0.023824594502445638,-0.023824594502445638,-0.023824594502445638,-0.023824594502445638,-0.023824594502445638,-0.023824594502445638,-0.023824594502445638,-0.023824594502445638,-0.023824594502445638,-0.023824594502445638,-0.023824594502445638,-0.023824594502445638,-0.023824594502445638,-0.023824594502445638,-0.023824594502445638,-0.023824594502445638,-0.023824594502445638,-0.023824594502445638,-0.023824594502445638,-0.023824594502445638,-0.023824594502445638,-0.023824594502445638,-0.023824594502445638,-0.023824594502445638,-0.023824594502445638,-0.023824594502445638,-0.023824594502445638,-0.023824594502445638,-0.023824594502445638,-0.023824594502445638,-0.023824594502445638,-0.023824594502445638,-0.023824594502445638,-0.023824594502445638,-0.023824594502445638,-0.023824594502445638,-0.023824594502445638,-0.023824594502445638,-0.023824594502445638,-0.023824594502445638,-0.023824594502445638,-0.023824594502445638,-0.023824594502445638,-0.023824594502445638,-0.023824594502445638,-0.023824594502445638
bspl4.43,0.035915818885219705,0.035915818885219705,0.035915818885219705,0.035915818885219705,0.035915818885219705,0.035915818885219705,0.035915818885219705,0.035915818885219705,0.035915818885219705,0.035915818885219705,0.035915818885219705,0.035915818885219705,0.035915818885219705,0.035915818885219705,0.035915818885219705,0.035915818885219705,0.035915818885219705,0.035915818885219705,0.035915818885219705,0.035915818885219705,0.035915818885219705,0.035915818885219705,0.035915818885219705,0.035915818885219705,0.035915818885219705,0.035915818885219705,0.035915818885219705,0.035915818885219705,0.035915818885219705,0.035915818885219705,0.035915818885219705,0.035915818885219705,0.035915818885219705,0.035915818885219705,0.035915818885219705,0.035915818885219705,0.035915818885219705,0.035915818885219705,0.035915818885219705,0.035915818885219705,0.035915818885219705,0.035915818885219705,0.035915818885219705,0.035915818885219705,0.035915818885219705,0.035915818885219705,0.035915818885219705,0.035915818885219705,0.035915818885219705,0.035915818885219705
bspl4.44,-0.006580628803202495,-0.006580628803202495,-0.006580628803202495,-0.006580628803202495,-0.006580628803202495,-0.006580628803202495,-0.006580628803202495,-0.006580628803202495,-0.006580628803202495,-0.006580628803202495,-0.006580628803202495,-0.006580628803202495,-0.006580628803202495,-0.006580628803202495,-0.006580628803202495,-0.006580628803202495,-0.006580628803202495,-0.006580628803202495,-0.006580628803202495,-0.006580628803202495,-0.006580628803202495,-0.006580628803202495,-0.006580628803202495,-0.006580628803202495,-0.006580628803202495,-0.006580628803202495,-0.006580628803202495,-0.006580628803202495,-0.006580628803202495,-0.006580628803202495,-0.006580628803202495,-0.006580628803202495,-0.006580628803202495,-0.006580628803202495,-0.006580628803202495,-0.006580628803202495,-0.006580628803202495,-0.006580628803202495,-0.006580628803202495,-0.006580628803202495,-0.006580628803202495,-0.006580628803202495,-0.006580628803202495,-0.006580628803202495,-0.006580628803202495,-0.006580628803202495,-0.006580628803202495,-0.006580628803202495,-0.006580628803202495,-0.006580628803202495
bspl4.45,0.31957820727124997,0.3165426916885679,0.31957820727124997,0.31957820727124997,0.3165426916885679,0.3165426916885679,0.3165426916885679,0.3165426916885679,0.3165426916885679,0.3165426916885679,0.3165426916885679,0.3165426916885679,0.31957820727124997,0.3165426916885679,0.31957820727124997,0.3165426916885679,0.3165426916885679,0.3165426916885679,0.3165426916885679,0.3165426916885679,0.31957820727124997,0.31957820727124997,0.31957820727124997,0.31957820727124997,0.31957820727124997,0.31957820727124997,0.31957820727124997,0.31957820727124997,0.3165426916885679,0.31957820727124997,0.3165426916885679,0.3165426916885679,0.3165426916885679,0.3165426916885679,0.3165426916885679,0.3165426916885679,0.31957820727124997,0.3165426916885679,0.3165426916885679,0.3165426916885679,0.3165426916885679,0.3165426916885679,0.3165426916885679,0.3165426916885679,0.31957820727124997,0.31957820727124997,0.3165426916885679,0.31957820727124997,0.3165426916885679,0.3165426916885679
bspl4.46,0.24577901168746788,0.24577901168746788,0.24577901168746788,0.24577901168746788,0.24577901168746788,0.24577901168746788,0.24577901168746788,0.24577901168746788,0.24577901168746788,0.24577901168746788,0.24577901168746788,0.24577901168746788,0.24577901168746788,0.24577901168746788,0.24577901168746788,0.24577901168746788,0.24577901168746788,0.24577901168746788,0.24577901168746788,0.24577901168746788,0.24577901168746788,0.24577901168746788,0.24577901168746788,0.24577901168746788,0.24577901168746788,0.24577901168746788,0.24577901168746788,0.24577901168746788,0.24577901168746788,0.24577901168746788,0.24577901168746788,0.24577901168746788,0.24577901168746788,0.24577901168746788,0.24577901168746788,0.24577901168746788,0.24577901168746788,0.24577901168746788,0.24577901168746788,0.24577901168746788,0.24577901168746788,0.24577901168746788,0.24577901168746788,0.24577901168746788,0.24577901168746788,0.24577901168746788,0.24577901168746788,0.24577901168746788,0.24577901168746788,0.24577901168746788
bspl4.47,0.6255954098712477,0.6925574668719522,0.6255954098712477,0.654862972512527,0.7238079214421811,0.6925574668719522,0.701357642476863,0.7218351603112688,0.7238079214421811,0.6925574668719522,0.6761191987852954,0.701357642476863,0.6761191987852954,0.7218351603112688,0.6513029282174477,0.6761191987852954,0.6761191987852954,0.6761191987852954,0.6761191987852954,0.6761191987852954,0.6761191987852954,0.6761191987852954,0.6761191987852954,0.6761191987852954,0.6761191987852954,0.6255954098712477,0.6255954098712477,0.6255954098712477,0.6925574668719522,0.6513029282174477,0.6925574668719522,0.6925574668719522,0.6925574668719522,0.7218351603112688,0.6925574668719522,0.6925574668719522,0.6513029282174477,0.7218351603112688,0.6925574668719522,0.6925574668719522,0.7218351603112688,0.7218351603112688,0.6925574668719522,0.6761191987852954,0.6255954098712477,0.6255954098712477,0.6761191987852954,0.6761191987852954,0.7238079214421811,0.6761191987852954
bspl4.48,1.4024582957753755,1.4334165393571396,1.4024582957753755,1.42807722782597,1.4334165393571396,1.4334165393571396,1.4334165393571396,1.4334165393571396,1.4334165393571396,1.4334165393571396,1.4334165393571396,1.4334165393571396,1.4334165393571396,1.4334165393571396,1.4096344540128065,1.4334165393571396,1.4334165393571396,1.4334165393571396,1.4334165393571396,1.4334165393571396,1.4334165393571396,1.4334165393571396,1.4334165393571396,1.4334165393571396,1.4334165393571396,1.4024582957753755,1.4024582957753755,1.4024582957753755,1.4334165393571396,1.4096344540128065,1.4334165393571396,1.4334165393571396,1.4334165393571396,1.4334165393571396,1.4334165393571396,1.4334165393571396,1.4096344540128065,1.4334165393571396,1.4334165393571396,1.4334165393571396,1.4334165393571396,1.4334165393571396,1.4334165393571396,1.4334165393571396,1.4024582957753755,1.4024582957753755,1.4334165393571396,1.4334165393571396,1.4334165393571396,1.4334165393571396
bspl4.49,1.1951002284819063,1.2040457230006827,1.1951002284819063,1.1951002284819063,1.1935972657060225,1.2040457230006827,1.1935972657060225,1.2040457230006827,1.1935972657060225,1.2040457230006827,1.18143275783571,1.2040457230006827,1.1951002284819063,1.2040457230006827,1.1951002284819063,1.1716889261721226,1.1716889261721226,1.1716889261721226,1.1716889261721226,1.1716889261721226,1.1716889261721226,1.1951002284819063,1.1951002284819063,1.1951002284819063,1.1951002284819063,1.1951002284819063,1.1951002284819063,1.1951002284819063,1.18143275783571,1.1951002284819063,1.2040457230006827,1.2040457230006827,1.2040457230006827,1.2040457230006827,1.2040457230006827,1.2040457230006827,1.1951002284819063,1.2040457230006827,1.2040457230006827,1.18143275783571,1.2040457230006827,1.2040457230006827,1.18143275783571,1.1716889261721226,1.1951002284819063,1.1951002284819063,1.1716889261721226,1.1716889261721226,1.1935972657060225,1.1716889261721226
bspl4.50,1.2120422664558224,1.2203925975373495,1.2120422664558224,1.2120422664558224,1.2203925975373495,1.2203925975373495,1.2203925975373495,1.2203925975373495,1.2203925975373495,1.2203925975373495,1.2120422664558224,1.2203925975373495,1.2120422664558224,1.2203925975373495,1.2120422664558224,1.2120422664558224,1.2120422664558224,1.2120422664558224,1.2120422664558224,1.2120422664558224,1.2120422664558224,1.2120422664558224,1.2120422664558224,1.2120422664558224,1.2120422664558224,1.2120422664558224,1.2120422664558224,1.2120422664558224,1.2203925975373495,1.2120422664558224,1.2203925975373495,1.2203925975373495,1.2203925975373495,1.2203925975373495,1.2203925975373495,1.2203925975373495,1.2120422664558224,1.2203925975373495,1.2203925975373495,1.2203925975373495,1.2203925975373495,1.2203925975373495,1.2203925975373495,1.2120422664558224,1.2120422664558224,1.2120422664558224,1.2120422664558224,1.2120422664558224,1.2203925975373495,1.2120422664558224
